asset_id,site_code,region,asset_type,manufacturer,model_number,serial_number,install_date,commission_date,expected_life_years,current_age_years,asset_condition,condition_score,criticality_level,capacity_rating,capacity_unit,replacement_cost_usd,depreciated_value_usd,asset_status,energy_efficiency_rating,last_maintenance_date
AST00001,SEA01,AMER-West,Generator,Cummins,CUM-GEN-291,SN2033551,2016-07-19,2016-08-13,15,8.9,Warning,64.1,High,2184,kW,464779,234971,Active,A,2025-04-21
AST00002,PHX01,AMER-West,Chiller,York,YOR-CHI-121,SN3587952,2019-04-09,2019-05-08,11,6.2,Warning,72.8,Medium,710,Tons,276730,146750,Active,A,2025-04-02
AST00003,CHI01,AMER-East,Cooling,Trane,TRA-COO-882,SN1657253,2017-01-02,2017-02-22,10,8.5,Critical,50.3,Medium,130,Tons,132435,38626,Active,C,2025-05-20
AST00004,SJC01,AMER-West,Cooling,Carrier,CAR-COO-931,SN3735384,2013-06-21,2013-08-01,10,12.0,Critical,28.8,Medium,386,Tons,106606,15990,Active,A,2025-05-07
AST00005,DAL01,AMER-Central,UPS,Schneider,SCH-UPS-439,SN3519955,2017-11-28,2018-01-18,12,7.6,Warning,61.0,High,1205,kVA,138555,65428,Active,A,2025-04-19
AST00006,ASH01,AMER-East,Generator,Cummins,CUM-GEN-875,SN9969426,2016-12-31,2017-02-08,15,8.5,Warning,66.8,Medium,3253,kW,740337,390733,Active,B,2025-06-17
AST00007,LAX01,AMER-West,Chiller,Trane,TRA-CHI-665,SN4410977,2020-10-18,2020-10-26,11,4.7,Warning,73.4,High,626,Tons,322283,207530,Active,C,2025-06-28
AST00008,MIA01,AMER-Central,UPS,Schneider,SCH-UPS-301,SN3231658,2010-06-11,2010-07-21,12,15.1,Critical,41.5,Medium,519,kVA,101534,15230,Active,A,2025-06-18
AST00009,DAL01,AMER-Central,Chiller,York,YOR-CHI-801,SN6798799,2022-06-18,2022-07-13,11,3.0,Good,90.5,Low,869,Tons,144300,111504,Active,B,2025-06-24
AST00010,SEA01,AMER-West,UPS,Vertiv,VER-UPS-978,SN63355610,2010-12-04,2011-01-01,12,14.6,Critical,51.7,High,466,kVA,307851,46177,Active,A,2025-05-28
AST00011,SEA01,AMER-West,Generator,Kohler,KOH-GEN-912,SN47689611,2011-01-15,2011-02-13,15,14.5,Critical,40.2,High,2367,kW,735808,143073,Active,B,2025-06-16
AST00012,TOR01,AMER-Central,Cooling,Stulz,STU-COO-747,SN74866312,2015-07-21,2015-08-05,10,9.9,Critical,38.2,High,160,Tons,78986,13822,Active,A,2025-05-11
AST00013,CHI01,AMER-East,Generator,Cummins,CUM-GEN-234,SN89482413,2022-05-12,2022-05-24,15,3.1,Good,82.8,Medium,1779,kW,655713,542784,Active,C,2025-06-10
AST00014,DEN01,AMER-Central,UPS,Eaton,EAT-UPS-147,SN92165414,2018-07-02,2018-07-30,12,7.0,Warning,65.8,Medium,1054,kVA,114538,58859,Active,B,2025-06-25
AST00015,ASH01,AMER-East,Generator,Kohler,KOH-GEN-561,SN25833815,2014-04-20,2014-04-25,15,11.2,Critical,51.7,Medium,2028,kW,903094,341168,Active,C,2025-06-14
AST00016,SJC01,AMER-West,Cooling,Carrier,CAR-COO-970,SN74591416,2022-04-21,2022-05-04,10,3.2,Critical,81.9,High,286,Tons,187409,137433,Retired,C,
AST00017,SJC01,AMER-West,PDU,Eaton,EAT-PDU-340,SN73134717,2014-01-24,2014-03-01,14,11.4,Warning,56.3,High,634,Amps,116910,37578,Active,B,2025-06-15
AST00018,SEA01,AMER-West,UPS,Eaton,EAT-UPS-270,SN87468418,2014-08-06,2014-09-15,12,10.9,Critical,49.2,Low,774,kVA,133585,32468,Active,C,2025-06-12
AST00019,DEN01,AMER-Central,Generator,Kohler,KOH-GEN-745,SN98169119,2017-06-22,2017-08-09,15,8.0,Warning,74.2,High,2363,kW,432906,240503,Active,B,2025-06-19
AST00020,DAL01,AMER-Central,UPS,Vertiv,VER-UPS-605,SN17576620,2014-07-22,2014-08-23,12,10.9,Warning,58.1,Medium,439,kVA,251152,61043,Active,B,2025-06-16
AST00021,TOR01,AMER-Central,PDU,ABB,ABB-PDU-844,SN50269021,2013-07-30,2013-09-11,14,11.9,Warning,62.2,Low,859,Amps,66959,19529,Active,B,2025-06-22
AST00022,DEN01,AMER-Central,Cooling,Trane,TRA-COO-417,SN89018022,2022-12-28,2023-02-03,10,2.5,Good,84.2,High,386,Tons,78545,62181,Active,C,2025-06-17
AST00023,TOR01,AMER-Central,Chiller,York,YOR-CHI-771,SN69312823,2023-02-01,2023-03-29,11,2.4,Good,83.3,Medium,262,Tons,159353,130379,Active,A,2025-06-20
AST00024,MIA01,AMER-Central,Chiller,Trane,TRA-CHI-367,SN41487724,2022-10-04,2022-11-16,11,2.7,Good,82.9,High,535,Tons,187172,148886,Active,C,2025-05-24
AST00025,TOR01,AMER-Central,Generator,Cummins,CUM-GEN-954,SN45222825,2020-02-14,2020-03-21,15,5.4,Good,79.7,Medium,3432,kW,537426,376198,Standby,C,2025-06-09
AST00026,DAL01,AMER-Central,Generator,Cummins,CUM-GEN-829,SN33516726,2014-09-04,2014-09-14,15,10.8,Warning,62.8,Low,2439,kW,350467,140186,Active,C,2025-06-01
AST00027,DEN01,AMER-Central,UPS,Schneider,SCH-UPS-866,SN79251727,2019-08-12,2019-09-09,12,5.9,Warning,67.5,Low,1133,kVA,196081,115742,Active,A,2025-05-17
AST00028,DAL01,AMER-Central,UPS,Eaton,EAT-UPS-610,SN96705528,2010-07-17,2010-08-06,12,15.0,Critical,36.7,Medium,858,kVA,176202,26430,Active,C,2025-06-26
AST00029,SJC01,AMER-West,UPS,Schneider,SCH-UPS-863,SN41839429,2019-04-21,2019-05-31,12,6.2,Good,77.1,High,652,kVA,124754,71040,Active,A,2025-06-21
AST00030,LAX01,AMER-West,Generator,Kohler,KOH-GEN-247,SN75827130,2010-05-27,2010-06-07,15,15.1,Critical,47.7,Medium,2843,kW,681896,109861,Active,A,2025-06-28
AST00031,DEN01,AMER-Central,Generator,Caterpillar,CAT-GEN-971,SN39964831,2018-02-24,2018-03-11,15,7.3,Good,76.2,High,2969,kW,851542,506194,Active,C,2025-01-21
AST00032,ASH01,AMER-East,Chiller,Daikin,DAI-CHI-397,SN65459432,2021-02-13,2021-02-24,11,4.4,Warning,60.7,Medium,293,Tons,227512,151674,Active,B,2025-05-25
AST00033,DAL01,AMER-Central,UPS,Schneider,SCH-UPS-259,SN29250633,2019-12-23,2020-02-20,12,5.5,Good,75.2,Medium,258,kVA,359544,222218,Active,B,2025-06-21
AST00034,SJC01,AMER-West,PDU,ABB,ABB-PDU-758,SN63943934,2018-09-06,2018-09-26,14,6.8,Good,76.8,Medium,553,Amps,51295,30532,Active,A,2025-05-21
AST00035,SJC01,AMER-West,UPS,Schneider,SCH-UPS-211,SN75791735,2018-09-27,2018-10-26,12,6.8,Warning,74.8,High,348,kVA,223272,117837,Active,B,2025-06-27
AST00036,ASH01,AMER-East,UPS,Vertiv,VER-UPS-995,SN90778936,2018-02-09,2018-03-03,12,7.4,Good,78.6,High,1071,kVA,347186,168770,Standby,B,2025-03-17
AST00037,DAL01,AMER-Central,Chiller,York,YOR-CHI-915,SN75934737,2020-05-19,2020-05-31,11,5.1,Critical,74.5,High,284,Tons,206416,126664,Retired,A,
AST00038,TOR01,AMER-Central,Chiller,York,YOR-CHI-132,SN35668738,2022-12-19,2023-01-04,11,2.5,Good,84.8,High,619,Tons,401974,325842,Active,A,2024-12-21
AST00039,DEN01,AMER-Central,Chiller,York,YOR-CHI-382,SN39289039,2012-11-11,2012-12-19,11,12.6,Critical,43.2,High,426,Tons,256672,38500,Retired,B,
AST00040,MIA01,AMER-Central,PDU,Schneider,SCH-PDU-928,SN82990340,2022-06-15,2022-07-08,14,3.0,Good,86.5,Medium,696,Amps,118744,97539,Standby,C,2025-04-25
AST00041,PHX01,AMER-West,Cooling,Trane,TRA-COO-617,SN27827441,2013-05-28,2013-07-12,10,12.1,Critical,25.0,High,116,Tons,68420,10263,Standby,C,2025-06-28
AST00042,DAL01,AMER-Central,Generator,Cummins,CUM-GEN-280,SN21529442,2010-10-29,2010-12-07,15,14.7,Critical,44.4,High,1699,kW,928307,170189,Active,C,2025-06-19
AST00043,MIA01,AMER-Central,Cooling,Trane,TRA-COO-260,SN21801543,2010-07-10,2010-07-17,10,15.0,Critical,25.0,Low,207,Tons,91641,13746,Active,A,2025-06-03
AST00044,ASH01,AMER-East,Generator,Caterpillar,CAT-GEN-834,SN46589044,2014-12-22,2015-02-04,15,10.5,Warning,57.3,Medium,1625,kW,352991,147079,Standby,C,2025-05-14
AST00045,NYC01,AMER-East,Cooling,Stulz,STU-COO-884,SN25882345,2020-12-28,2021-02-03,10,4.5,Good,82.7,High,378,Tons,170510,106568,Active,C,2025-06-19
AST00046,LAX01,AMER-West,Chiller,York,YOR-CHI-637,SN33536246,2017-09-07,2017-10-31,11,7.8,Warning,61.4,Medium,557,Tons,259788,106276,Active,B,2025-05-10
AST00047,SJC01,AMER-West,PDU,Schneider,SCH-PDU-420,SN70186347,2018-01-29,2018-03-20,14,7.4,Good,81.0,Medium,549,Amps,121429,67942,Standby,A,2024-11-12
AST00048,ASH01,AMER-East,Cooling,Stulz,STU-COO-982,SN54898248,2012-08-29,2012-09-17,10,12.8,Critical,29.7,Low,171,Tons,97097,14564,Active,A,2025-06-20
AST00049,SJC01,AMER-West,Generator,Cummins,CUM-GEN-150,SN19384849,2023-07-01,2023-07-27,15,2.0,Good,98.0,Low,3361,kW,507897,451464,Active,B,2025-06-26
AST00050,NYC01,AMER-East,Cooling,Stulz,STU-COO-781,SN48995750,2014-09-12,2014-10-01,10,10.8,Critical,35.9,Medium,133,Tons,178632,26794,Active,C,2025-06-23
AST00051,ASH01,AMER-East,PDU,Schneider,SCH-PDU-983,SN56289451,2018-07-22,2018-08-30,14,6.9,Good,81.4,Low,972,Amps,117615,69308,Active,A,2025-06-22
AST00052,NYC01,AMER-East,Chiller,Daikin,DAI-CHI-469,SN90345152,2021-12-13,2022-01-28,11,3.5,Good,81.4,Medium,819,Tons,342866,251954,Active,C,2025-06-01
AST00053,CHI01,AMER-East,UPS,Eaton,EAT-UPS-157,SN47471053,2023-01-05,2023-02-04,12,2.5,Good,79.4,Medium,990,kVA,122217,100998,Active,B,2025-06-21
AST00054,NYC01,AMER-East,Chiller,York,YOR-CHI-929,SN28306254,2010-04-27,2010-05-10,11,15.2,Critical,25.0,High,790,Tons,345913,51886,Active,B,2025-06-25
AST00055,ASH01,AMER-East,UPS,Schneider,SCH-UPS-217,SN12005655,2011-05-28,2011-07-11,12,14.1,Critical,25.0,Medium,1146,kVA,224415,33662,Active,B,2025-05-25
AST00056,LAX01,AMER-West,UPS,Schneider,SCH-UPS-803,SN76502256,2021-02-22,2021-03-03,12,4.4,Good,77.4,High,1039,kVA,342764,238030,Standby,A,2025-04-17
AST00057,LAX01,AMER-West,PDU,ABB,ABB-PDU-534,SN24435657,2016-04-13,2016-05-09,14,9.2,Warning,64.5,Medium,846,Amps,138468,62640,Active,A,2025-06-24
AST00058,NYC01,AMER-East,Chiller,York,YOR-CHI-319,SN54755658,2021-01-28,2021-03-20,11,4.4,Warning,73.8,Low,243,Tons,198781,132520,Active,A,2025-06-07
AST00059,PHX01,AMER-West,UPS,Eaton,EAT-UPS-711,SN55596859,2018-05-18,2018-06-21,12,7.1,Warning,72.4,Low,606,kVA,113049,57309,Active,C,2025-06-21
AST00060,DAL01,AMER-Central,Chiller,York,YOR-CHI-279,SN53337460,2017-10-20,2017-11-03,11,7.7,Warning,65.7,Low,808,Tons,391967,163319,Standby,A,2025-06-18
AST00061,MIA01,AMER-Central,Generator,Kohler,KOH-GEN-115,SN15199161,2017-09-17,2017-10-07,15,7.8,Good,84.9,Low,2782,kW,898992,509428,Active,B,2025-05-24
AST00062,DAL01,AMER-Central,Chiller,York,YOR-CHI-259,SN29196262,2012-06-14,2012-07-08,11,13.0,Critical,37.9,High,813,Tons,310347,46552,Active,A,2025-06-17
AST00063,SJC01,AMER-West,Generator,Cummins,CUM-GEN-790,SN45575463,2020-04-04,2020-05-15,15,5.2,Good,76.6,High,2291,kW,779522,554326,Active,B,2025-05-02
AST00064,ATL01,AMER-East,PDU,Eaton,EAT-PDU-142,SN25183664,2020-09-18,2020-10-05,14,4.8,Good,95.9,High,161,Amps,83494,59638,Active,B,2025-06-21
AST00065,ATL01,AMER-East,Chiller,Trane,TRA-CHI-875,SN71295665,2019-03-28,2019-04-27,11,6.3,Warning,65.1,High,751,Tons,327869,171386,Active,C,2025-06-24
AST00066,ATL01,AMER-East,Generator,Cummins,CUM-GEN-214,SN60032866,2011-02-22,2011-03-05,15,14.4,Critical,48.7,High,1825,kW,437164,87432,Standby,B,2025-04-28
AST00067,ASH01,AMER-East,Cooling,Carrier,CAR-COO-376,SN32015667,2018-08-13,2018-09-22,10,6.9,Warning,64.6,Medium,436,Tons,83888,35652,Active,C,2025-06-17
AST00068,TOR01,AMER-Central,Generator,Kohler,KOH-GEN-291,SN21435268,2018-02-15,2018-03-26,15,7.4,Good,76.9,High,2571,kW,350640,206487,Active,B,2025-04-27
AST00069,ASH01,AMER-East,Chiller,Daikin,DAI-CHI-136,SN40695569,2015-11-14,2016-01-06,11,9.6,Warning,55.8,Medium,844,Tons,191180,52139,Standby,A,2025-06-24
AST00070,ATL01,AMER-East,Generator,Kohler,KOH-GEN-316,SN95488270,2016-05-15,2016-06-29,15,9.1,Warning,65.2,Low,2821,kW,914736,452286,Active,A,2025-06-27
AST00071,DAL01,AMER-Central,UPS,Vertiv,VER-UPS-798,SN66424271,2011-08-19,2011-10-11,12,13.9,Critical,32.6,Medium,645,kVA,285004,42750,Active,B,2025-06-14
AST00072,LAX01,AMER-West,UPS,Eaton,EAT-UPS-364,SN15916372,2021-06-03,2021-06-21,12,4.1,Good,87.9,Low,984,kVA,285967,204545,Active,A,2024-11-10
AST00073,SEA01,AMER-West,UPS,Eaton,EAT-UPS-168,SN72708373,2023-07-18,2023-08-16,12,2.0,Good,84.9,Low,1197,kVA,232202,199951,Active,A,2024-11-24
AST00074,SJC01,AMER-West,Cooling,Stulz,STU-COO-250,SN29777574,2019-12-16,2020-01-28,10,5.5,Warning,69.7,High,188,Tons,154780,83839,Active,A,2025-05-16
AST00075,SJC01,AMER-West,PDU,ABB,ABB-PDU-942,SN63108975,2018-03-02,2018-04-22,14,7.3,Warning,73.6,High,737,Amps,93136,52666,Active,C,2025-02-04
AST00076,PHX01,AMER-West,Cooling,Trane,TRA-COO-591,SN82795276,2012-08-11,2012-09-22,10,12.9,Critical,40.8,Medium,86,Tons,86677,13001,Active,B,2025-06-26
AST00077,CHI01,AMER-East,UPS,Schneider,SCH-UPS-264,SN41683777,2013-04-06,2013-04-29,12,12.2,Critical,40.8,High,749,kVA,258152,39439,Retired,C,
AST00078,DEN01,AMER-Central,Generator,Cummins,CUM-GEN-231,SN61792378,2013-08-17,2013-08-27,15,11.9,Warning,58.0,Low,2810,kW,483196,163749,Active,B,2025-06-18
AST00079,SJC01,AMER-West,UPS,Eaton,EAT-UPS-957,SN84907479,2018-01-02,2018-02-14,12,7.5,Critical,51.4,Medium,1399,kVA,176188,84423,Active,A,2025-03-06
AST00080,DAL01,AMER-Central,UPS,Eaton,EAT-UPS-853,SN76479580,2023-01-01,2023-01-25,12,2.5,Good,98.0,Medium,725,kVA,246542,203739,Active,A,2025-05-04
AST00081,MIA01,AMER-Central,Generator,Caterpillar,CAT-GEN-447,SN16162981,2013-10-16,2013-12-08,15,11.7,Warning,63.0,Medium,1823,kW,493920,172872,Active,C,2025-06-12
AST00082,SEA01,AMER-West,Chiller,Trane,TRA-CHI-216,SN47696582,2023-10-09,2023-11-26,11,1.7,Good,98.0,Medium,834,Tons,249695,217537,Active,C,2025-06-18
AST00083,SJC01,AMER-West,Chiller,Trane,TRA-CHI-312,SN29271483,2015-01-27,2015-03-09,11,10.4,Critical,46.1,Low,825,Tons,211362,44834,Active,B,2025-05-27
AST00084,SJC01,AMER-West,PDU,ABB,ABB-PDU-501,SN95815884,2019-08-14,2019-09-28,14,5.9,Good,76.1,High,805,Amps,86430,56076,Active,B,2025-06-28
AST00085,SEA01,AMER-West,UPS,Schneider,SCH-UPS-107,SN10933785,2013-09-15,2013-10-17,12,11.8,Warning,61.2,Medium,925,kVA,195787,35350,Active,B,2025-06-15
AST00086,ATL01,AMER-East,Cooling,Trane,TRA-COO-831,SN22701686,2011-06-24,2011-08-03,10,14.0,Critical,25.0,High,271,Tons,186790,28018,Active,A,2025-06-08
AST00087,DAL01,AMER-Central,Generator,Cummins,CUM-GEN-851,SN18284487,2023-10-04,2023-10-21,15,1.7,Good,98.0,High,2581,kW,402402,364397,Active,A,2025-05-19
AST00088,CHI01,AMER-East,UPS,Eaton,EAT-UPS-489,SN49892988,2019-02-07,2019-04-03,12,6.4,Warning,60.2,Low,505,kVA,140990,78327,Active,C,2025-06-28
AST00089,SJC01,AMER-West,Generator,Cummins,CUM-GEN-341,SN41871489,2015-04-29,2015-06-17,15,10.2,Warning,67.5,High,2028,kW,805303,348964,Active,B,2025-03-17
AST00090,LAX01,AMER-West,PDU,ABB,ABB-PDU-473,SN12771290,2014-12-30,2015-01-21,14,10.5,Warning,57.8,Low,373,Amps,107292,40234,Active,B,2025-05-26
AST00091,SJC01,AMER-West,Generator,Cummins,CUM-GEN-788,SN93297291,2021-05-21,2021-06-27,15,4.1,Good,93.0,Medium,2633,kW,385570,297745,Active,A,2025-05-13
AST00092,DEN01,AMER-Central,Chiller,Daikin,DAI-CHI-484,SN10040492,2011-05-26,2011-07-17,11,14.1,Critical,26.9,Medium,667,Tons,394907,59236,Standby,C,2025-06-14
AST00093,LAX01,AMER-West,Generator,Kohler,KOH-GEN-870,SN15061293,2015-06-24,2015-07-21,15,10.0,Warning,74.8,Medium,1713,kW,443273,197010,Active,A,2025-05-16
AST00094,ASH01,AMER-East,UPS,Schneider,SCH-UPS-244,SN60696494,2021-06-10,2021-06-28,12,4.1,Good,82.8,Medium,706,kVA,128765,92102,Active,B,2025-05-13
AST00095,NYC01,AMER-East,Chiller,Trane,TRA-CHI-545,SN30115295,2015-08-11,2015-10-03,11,9.9,Critical,51.3,High,637,Tons,212193,53048,Active,A,2025-05-06
AST00096,DAL01,AMER-Central,Generator,Cummins,CUM-GEN-194,SN23831196,2019-05-13,2019-06-25,15,6.1,Good,81.2,High,3201,kW,788153,521056,Active,A,2025-06-23
AST00097,DAL01,AMER-Central,Chiller,York,YOR-CHI-405,SN66141997,2011-11-05,2011-11-10,11,13.7,Critical,40.4,Low,203,Tons,226884,34032,Active,A,2025-06-27
AST00098,ASH01,AMER-East,PDU,ABB,ABB-PDU-833,SN39977098,2018-04-26,2018-05-17,14,7.2,Warning,71.1,Low,773,Amps,64198,36684,Active,B,2025-06-06
AST00099,DAL01,AMER-Central,Generator,Kohler,KOH-GEN-677,SN58545099,2019-03-29,2019-05-23,15,6.3,Good,86.7,Low,3150,kW,885605,575643,Active,A,2025-04-08
AST00100,TOR01,AMER-Central,Generator,Caterpillar,CAT-GEN-837,SN106949100,2023-04-22,2023-06-15,15,2.2,Good,89.2,Low,3145,kW,942301,827130,Active,B,2025-03-03
AST00101,SJC01,AMER-West,PDU,Eaton,EAT-PDU-407,SN456600101,2013-09-20,2013-11-01,14,11.8,Warning,59.8,Medium,1133,Amps,87318,25987,Active,A,2025-06-16
AST00102,ASH01,AMER-East,PDU,ABB,ABB-PDU-858,SN807689102,2022-09-12,2022-11-06,14,2.8,Good,88.0,Medium,230,Amps,148196,123496,Active,C,2025-04-07
AST00103,DAL01,AMER-Central,UPS,Vertiv,VER-UPS-607,SN417267103,2010-05-18,2010-06-15,12,15.1,Critical,30.7,Medium,318,kVA,313777,47066,Active,B,2025-06-16
AST00104,ASH01,AMER-East,UPS,Vertiv,VER-UPS-225,SN529802104,2021-10-10,2021-11-26,12,3.7,Good,88.6,High,360,kVA,245286,182261,Standby,B,2024-10-05
AST00105,DAL01,AMER-Central,Cooling,Stulz,STU-COO-795,SN272312105,2019-06-08,2019-06-15,10,6.1,Warning,60.1,Medium,431,Tons,166570,81896,Active,C,2025-06-14
AST00106,DAL01,AMER-Central,Cooling,Carrier,CAR-COO-192,SN962129106,2011-10-29,2011-12-23,10,13.7,Critical,28.6,Medium,356,Tons,176195,26429,Active,C,2025-06-27
AST00107,NYC01,AMER-East,Chiller,York,YOR-CHI-445,SN848589107,2023-01-30,2023-03-09,11,2.4,Good,87.3,High,227,Tons,211865,173344,Active,B,2025-03-16
AST00108,LAX01,AMER-West,PDU,Schneider,SCH-PDU-146,SN274293108,2016-04-15,2016-06-05,14,9.2,Warning,56.6,High,499,Amps,64262,29070,Active,A,2025-06-06
AST00109,SJC01,AMER-West,UPS,Vertiv,VER-UPS-356,SN290471109,2021-05-06,2021-06-28,12,4.2,Good,80.0,High,968,kVA,201317,142599,Active,B,2025-02-22
AST00110,LAX01,AMER-West,Cooling,Trane,TRA-COO-573,SN915131110,2011-06-10,2011-07-07,10,14.1,Critical,25.0,High,157,Tons,109247,16387,Active,B,2025-06-06
AST00111,LAX01,AMER-West,UPS,Vertiv,VER-UPS-849,SN548874111,2010-12-31,2011-02-20,12,14.5,Critical,36.3,Medium,1055,kVA,195186,29277,Active,A,2025-06-22
AST00112,ASH01,AMER-East,UPS,Eaton,EAT-UPS-114,SN670559112,2015-03-22,2015-04-20,12,10.3,Critical,47.3,High,734,kVA,231339,65867,Active,B,2025-05-18
AST00113,SJC01,AMER-West,Cooling,Carrier,CAR-COO-185,SN550009113,2011-12-15,2012-02-01,10,13.5,Critical,34.1,Low,104,Tons,169592,25438,Active,B,2025-06-27
AST00114,DAL01,AMER-Central,UPS,Vertiv,VER-UPS-311,SN499384114,2019-11-06,2019-11-14,12,5.6,Good,75.9,High,316,kVA,172152,105204,Active,B,2025-06-28
AST00115,ASH01,AMER-East,Cooling,Stulz,STU-COO-569,SN835265115,2015-11-27,2016-01-17,10,9.6,Warning,65.2,High,343,Tons,146264,29252,Active,B,2025-06-04
AST00116,NYC01,AMER-East,Cooling,Stulz,STU-COO-712,SN294053116,2016-10-08,2016-12-03,10,8.7,Critical,47.8,Medium,361,Tons,113447,31197,Retired,A,
AST00117,NYC01,AMER-East,UPS,Vertiv,VER-UPS-840,SN521240117,2014-10-28,2014-12-04,12,10.7,Critical,50.9,High,911,kVA,206421,53038,Active,B,2025-06-24
AST00118,ASH01,AMER-East,Generator,Cummins,CUM-GEN-602,SN172303118,2014-05-25,2014-06-02,15,11.1,Critical,47.8,Medium,3397,kW,424990,162912,Active,B,2025-06-14
AST00119,ASH01,AMER-East,Generator,Cummins,CUM-GEN-647,SN895543119,2020-03-24,2020-04-28,15,5.3,Warning,63.0,Medium,1005,kW,926465,653672,Active,A,2025-06-13
AST00120,TOR01,AMER-Central,UPS,Vertiv,VER-UPS-831,SN784106120,2011-04-13,2011-04-21,12,14.2,Critical,39.7,High,895,kVA,202221,30333,Active,B,2025-06-18
AST00121,ASH01,AMER-East,Cooling,Trane,TRA-COO-293,SN625134121,2016-12-26,2017-01-10,10,8.5,Warning,59.0,High,105,Tons,111514,32524,Active,B,2025-05-11
AST00122,ASH01,AMER-East,UPS,Eaton,EAT-UPS-935,SN716210122,2013-02-15,2013-03-11,12,12.4,Critical,47.1,Medium,474,kVA,266659,39998,Active,C,2025-06-03
AST00123,CHI01,AMER-East,Cooling,Carrier,CAR-COO-753,SN341983123,2021-07-10,2021-08-21,10,4.0,Good,90.9,Low,372,Tons,66917,44611,Active,C,2025-04-26
AST00124,TOR01,AMER-Central,UPS,Eaton,EAT-UPS-610,SN886275124,2021-08-05,2021-08-22,12,3.9,Good,84.0,High,508,kVA,332353,242340,Standby,A,2024-11-09
AST00125,TOR01,AMER-Central,UPS,Schneider,SCH-UPS-712,SN208872125,2015-08-02,2015-08-23,12,9.9,Critical,50.4,High,1026,kVA,337754,105548,Active,A,2025-06-22
AST00126,CHI01,AMER-East,Generator,Caterpillar,CAT-GEN-649,SN529474126,2018-02-06,2018-03-12,15,7.4,Good,78.2,Medium,2118,kW,648432,381854,Active,B,2025-03-21
AST00127,NYC01,AMER-East,UPS,Eaton,EAT-UPS-236,SN820801127,2014-05-24,2014-06-09,12,11.1,Critical,51.7,High,762,kVA,226487,51903,Active,A,2025-04-19
AST00128,PHX01,AMER-West,Chiller,Daikin,DAI-CHI-671,SN237023128,2019-04-15,2019-05-18,11,6.2,Warning,64.8,Medium,378,Tons,375266,199004,Active,A,2025-05-18
AST00129,SJC01,AMER-West,Cooling,Stulz,STU-COO-177,SN599097129,2023-03-14,2023-03-22,10,2.3,Good,83.3,High,168,Tons,79060,63906,Active,A,2025-05-27
AST00130,ASH01,AMER-East,Generator,Cummins,CUM-GEN-188,SN618545130,2012-12-01,2013-01-14,15,12.6,Critical,49.0,Medium,2863,kW,319711,95913,Active,B,2025-05-02
AST00131,SJC01,AMER-West,Cooling,Carrier,CAR-COO-674,SN249646131,2020-04-20,2020-05-27,10,5.2,Good,76.4,Medium,232,Tons,132728,75212,Standby,C,2025-04-21
AST00132,LAX01,AMER-West,Cooling,Stulz,STU-COO-602,SN611937132,2013-06-02,2013-06-20,10,12.1,Critical,48.9,High,388,Tons,157263,23589,Active,B,2025-06-19
AST00133,SEA01,AMER-West,Generator,Caterpillar,CAT-GEN-678,SN196646133,2021-01-01,2021-02-25,15,4.5,Warning,67.5,Low,2471,kW,623054,467290,Active,C,2025-03-01
AST00134,LAX01,AMER-West,Generator,Kohler,KOH-GEN-577,SN502662134,2015-07-29,2015-08-29,15,9.9,Warning,73.7,Low,1419,kW,855644,385039,Active,A,2025-06-24
AST00135,SJC01,AMER-West,PDU,Schneider,SCH-PDU-510,SN313942135,2017-02-10,2017-03-19,14,8.4,Warning,72.8,High,345,Amps,64029,32014,Active,B,2025-04-11
AST00136,TOR01,AMER-Central,Cooling,Carrier,CAR-COO-621,SN465060136,2015-02-01,2015-02-15,10,10.4,Critical,49.9,High,432,Tons,111197,16679,Active,A,2025-06-24
AST00137,ATL01,AMER-East,PDU,Schneider,SCH-PDU-976,SN302967137,2017-10-24,2017-12-19,14,7.7,Critical,54.0,Medium,164,Amps,146532,79371,Active,C,2025-04-27
AST00138,ASH01,AMER-East,Generator,Cummins,CUM-GEN-360,SN226108138,2020-03-08,2020-04-28,15,5.3,Good,85.3,High,3371,kW,643339,453911,Standby,B,2025-03-20
AST00139,DEN01,AMER-Central,PDU,Eaton,EAT-PDU-854,SN437827139,2020-04-14,2020-05-24,14,5.2,Good,85.7,Medium,943,Amps,145420,100409,Active,B,2025-02-08
AST00140,ASH01,AMER-East,Cooling,Stulz,STU-COO-353,SN114153140,2021-03-30,2021-05-13,10,4.3,Good,85.8,Medium,117,Tons,209071,134153,Active,A,2025-06-27
AST00141,CHI01,AMER-East,Cooling,Carrier,CAR-COO-317,SN306988141,2012-03-25,2012-05-08,10,13.3,Critical,32.5,Medium,289,Tons,82368,12355,Active,A,2025-06-23
AST00142,ASH01,AMER-East,Cooling,Trane,TRA-COO-927,SN913738142,2014-06-28,2014-07-14,10,11.0,Critical,29.0,Medium,435,Tons,125279,18791,Active,A,2025-05-26
AST00143,LAX01,AMER-West,Generator,Caterpillar,CAT-GEN-703,SN820670143,2020-08-12,2020-08-25,15,4.9,Good,76.5,Medium,2013,kW,778716,566732,Active,A,2025-04-26
AST00144,SJC01,AMER-West,PDU,ABB,ABB-PDU-395,SN562120144,2019-09-04,2019-09-30,14,5.8,Good,80.5,Medium,928,Amps,58718,38446,Active,B,2025-03-21
AST00145,TOR01,AMER-Central,UPS,Eaton,EAT-UPS-760,SN767054145,2014-11-28,2014-12-11,12,10.6,Warning,69.2,High,1410,kVA,147545,38935,Active,C,2025-06-15
AST00146,SJC01,AMER-West,Chiller,York,YOR-CHI-412,SN984377146,2019-08-09,2019-09-23,11,5.9,Warning,74.2,High,724,Tons,300760,166329,Active,B,2025-05-26
AST00147,ATL01,AMER-East,PDU,Schneider,SCH-PDU-309,SN632954147,2014-06-14,2014-07-22,14,11.0,Warning,55.2,Low,496,Amps,81368,28091,Active,B,2025-06-27
AST00148,DEN01,AMER-Central,Cooling,Stulz,STU-COO-975,SN752026148,2023-10-14,2023-12-08,10,1.7,Good,95.0,Medium,261,Tons,132526,113751,Active,C,2025-03-04
AST00149,SJC01,AMER-West,UPS,Eaton,EAT-UPS-765,SN765755149,2023-02-27,2023-04-22,12,2.3,Good,84.4,High,1322,kVA,336726,282943,Standby,A,2025-03-07
AST00150,TOR01,AMER-Central,UPS,Vertiv,VER-UPS-183,SN119816150,2023-07-16,2023-09-07,12,2.0,Good,97.2,High,397,kVA,245989,211823,Active,A,2025-06-12
AST00151,NYC01,AMER-East,Cooling,Carrier,CAR-COO-835,SN881452151,2014-09-21,2014-10-25,10,10.8,Critical,36.6,Medium,294,Tons,198554,29783,Active,A,2025-05-18
AST00152,SJC01,AMER-West,Generator,Kohler,KOH-GEN-822,SN193501152,2012-08-09,2012-09-14,15,12.9,Critical,46.3,Low,3332,kW,453532,128500,Active,A,2025-06-28
AST00153,DEN01,AMER-Central,Cooling,Stulz,STU-COO-868,SN688365153,2010-10-13,2010-12-07,10,14.7,Critical,25.0,Low,254,Tons,202717,30407,Active,A,2025-06-17
AST00154,SJC01,AMER-West,PDU,Eaton,EAT-PDU-321,SN400709154,2015-12-02,2016-01-26,14,9.6,Warning,70.5,High,980,Amps,110155,47209,Active,B,2025-05-17
AST00155,ATL01,AMER-East,PDU,ABB,ABB-PDU-977,SN283675155,2019-02-18,2019-03-27,14,6.4,Warning,65.0,High,236,Amps,126974,78602,Active,C,2025-06-02
AST00156,SJC01,AMER-West,UPS,Eaton,EAT-UPS-277,SN316454156,2014-12-29,2015-01-31,12,10.5,Critical,46.4,Low,1281,kVA,297606,80601,Active,C,2025-06-04
AST00157,ASH01,AMER-East,Generator,Kohler,KOH-GEN-860,SN578446157,2016-10-26,2016-12-06,15,8.7,Good,86.1,Medium,2287,kW,607073,313654,Active,A,2025-05-28
AST00158,DAL01,AMER-Central,Cooling,Trane,TRA-COO-187,SN525037158,2015-11-14,2015-12-20,10,9.6,Critical,48.2,Medium,199,Tons,178453,35690,Active,A,2025-06-20
AST00159,SJC01,AMER-West,PDU,Eaton,EAT-PDU-922,SN510543159,2016-12-13,2017-01-04,14,8.5,Warning,64.7,High,156,Amps,49425,24418,Active,B,2025-06-13
AST00160,ATL01,AMER-East,Cooling,Trane,TRA-COO-772,SN626486160,2012-02-14,2012-03-10,10,13.4,Critical,25.0,Medium,226,Tons,209931,31489,Active,A,2025-05-14
AST00161,CHI01,AMER-East,Generator,Cummins,CUM-GEN-914,SN123236161,2013-08-01,2013-08-25,15,11.9,Warning,62.8,Medium,1745,kW,510785,173099,Active,C,2025-06-06
AST00162,ASH01,AMER-East,Cooling,Carrier,CAR-COO-570,SN307990162,2023-02-24,2023-03-12,10,2.3,Good,86.1,Medium,99,Tons,79596,64340,Active,B,2025-06-06
AST00163,MIA01,AMER-Central,PDU,Eaton,EAT-PDU-325,SN238155163,2012-03-15,2012-04-23,14,13.3,Warning,56.5,High,1003,Amps,62771,13077,Standby,C,2025-06-14
AST00164,NYC01,AMER-East,Chiller,Daikin,DAI-CHI-813,SN541501164,2022-11-02,2022-12-22,11,2.7,Warning,71.3,High,876,Tons,337215,268239,Active,A,2025-06-09
AST00165,TOR01,AMER-Central,Chiller,York,YOR-CHI-625,SN659655165,2023-03-25,2023-03-31,11,2.3,Good,86.0,High,386,Tons,143752,118704,Active,C,2025-06-17
AST00166,NYC01,AMER-East,PDU,Eaton,EAT-PDU-334,SN413837166,2013-07-25,2013-08-02,14,11.9,Critical,52.9,Low,815,Amps,121908,35556,Active,B,2025-06-06
AST00167,ASH01,AMER-East,Chiller,Daikin,DAI-CHI-116,SN328504167,2017-04-11,2017-05-23,11,8.2,Critical,47.6,Low,527,Tons,121622,46068,Standby,B,2025-06-08
AST00168,DAL01,AMER-Central,Chiller,York,YOR-CHI-126,SN599512168,2010-12-08,2011-01-12,11,14.6,Critical,30.9,Medium,795,Tons,149402,22410,Active,A,2025-06-14
AST00169,SEA01,AMER-West,PDU,ABB,ABB-PDU-920,SN436326169,2021-09-03,2021-09-17,14,3.8,Good,90.1,Medium,1071,Amps,146332,113233,Active,A,2025-06-01
AST00170,SEA01,AMER-West,Chiller,Daikin,DAI-CHI-733,SN791757170,2023-02-19,2023-02-25,11,2.4,Good,78.7,High,512,Tons,312192,255429,Active,A,2025-01-26
AST00171,LAX01,AMER-West,PDU,Eaton,EAT-PDU-128,SN681780171,2017-11-06,2017-11-21,14,7.6,Warning,71.2,Low,160,Amps,134599,73708,Active,B,2025-06-20
AST00172,CHI01,AMER-East,Generator,Kohler,KOH-GEN-286,SN111046172,2013-02-10,2013-03-26,15,12.4,Critical,53.0,Low,2250,kW,658165,204762,Active,C,2025-06-07
AST00173,MIA01,AMER-Central,PDU,Schneider,SCH-PDU-505,SN745188173,2021-06-25,2021-08-01,14,4.0,Good,87.9,Low,900,Amps,112298,85560,Standby,B,2025-01-10
AST00174,DAL01,AMER-Central,UPS,Schneider,SCH-UPS-606,SN800780174,2020-09-25,2020-11-11,12,4.8,Good,77.2,Medium,731,kVA,268376,178917,Active,A,2024-10-17
AST00175,DEN01,AMER-Central,PDU,Schneider,SCH-PDU-395,SN793264175,2010-06-03,2010-06-08,14,15.1,Critical,25.8,Low,210,Amps,119666,17949,Active,B,2025-06-03
AST00176,ASH01,AMER-East,UPS,Vertiv,VER-UPS-141,SN997048176,2014-06-28,2014-08-10,12,11.0,Critical,47.1,Medium,380,kVA,118145,27895,Active,B,2025-05-27
AST00177,LAX01,AMER-West,PDU,Schneider,SCH-PDU-916,SN528988177,2013-06-06,2013-06-27,14,12.1,Warning,59.4,High,479,Amps,81408,22774,Active,A,2025-05-25
AST00178,SEA01,AMER-West,Chiller,Trane,TRA-CHI-596,SN419278178,2020-08-30,2020-09-15,11,4.8,Warning,71.8,Low,467,Tons,295695,188169,Active,A,2025-06-11
AST00179,SEA01,AMER-West,Cooling,Stulz,STU-COO-180,SN494966179,2010-08-04,2010-09-14,10,14.9,Critical,25.0,High,277,Tons,142454,21368,Active,A,2025-06-14
AST00180,ASH01,AMER-East,Generator,Cummins,CUM-GEN-588,SN616142180,2019-12-22,2020-01-27,15,5.5,Good,88.8,High,1777,kW,833999,579165,Active,C,2025-04-22
AST00181,ASH01,AMER-East,Cooling,Stulz,STU-COO-434,SN764180181,2023-02-28,2023-03-11,10,2.3,Warning,73.7,Low,216,Tons,207194,167481,Active,C,2025-06-07
AST00182,SJC01,AMER-West,PDU,Eaton,EAT-PDU-926,SN850294182,2014-03-02,2014-04-04,14,11.3,Critical,53.7,Low,743,Amps,81062,26538,Active,B,2025-04-27
AST00183,SEA01,AMER-West,Chiller,Trane,TRA-CHI-589,SN166150183,2016-08-16,2016-09-06,11,8.9,Critical,52.2,High,675,Tons,241826,78776,Active,B,2025-06-14
AST00184,SJC01,AMER-West,UPS,Vertiv,VER-UPS-287,SN550348184,2017-04-21,2017-05-29,12,8.2,Warning,68.6,High,380,kVA,224055,96468,Active,C,2025-05-21
AST00185,MIA01,AMER-Central,Cooling,Trane,TRA-COO-987,SN893072185,2021-09-18,2021-09-26,10,3.8,Good,89.2,Medium,428,Tons,180608,123415,Active,A,2025-04-07
AST00186,TOR01,AMER-Central,PDU,Eaton,EAT-PDU-260,SN354444186,2017-08-01,2017-09-16,14,7.9,Warning,55.6,Medium,1043,Amps,119038,63061,Active,C,2025-05-21
AST00187,TOR01,AMER-Central,Generator,Cummins,CUM-GEN-515,SN955778187,2012-01-09,2012-02-21,15,13.5,Critical,51.1,High,1813,kW,820659,205164,Active,C,2025-06-20
AST00188,CHI01,AMER-East,PDU,ABB,ABB-PDU-576,SN698260188,2021-04-17,2021-06-04,14,4.2,Good,91.0,High,846,Amps,78039,58529,Active,A,2024-09-26
AST00189,ATL01,AMER-East,Generator,Kohler,KOH-GEN-458,SN350195189,2019-08-13,2019-08-22,15,5.9,Warning,73.6,High,3050,kW,389996,262163,Active,A,2025-05-03
AST00190,TOR01,AMER-Central,Cooling,Trane,TRA-COO-475,SN656701190,2013-03-11,2013-05-04,10,12.3,Critical,25.0,High,403,Tons,177573,26635,Active,A,2025-06-12
AST00191,ASH01,AMER-East,PDU,Eaton,EAT-PDU-916,SN222744191,2022-01-06,2022-02-03,14,3.5,Good,86.0,Medium,1113,Amps,142419,112748,Active,B,2025-06-22
AST00192,ASH01,AMER-East,PDU,ABB,ABB-PDU-904,SN931460192,2016-02-13,2016-03-31,14,9.4,Warning,64.7,High,859,Amps,45806,20176,Active,B,2025-06-20
AST00193,DAL01,AMER-Central,Cooling,Trane,TRA-COO-161,SN658924193,2014-01-03,2014-02-10,10,11.5,Critical,38.5,Medium,232,Tons,89262,13389,Active,C,2025-06-28
AST00194,ASH01,AMER-East,PDU,ABB,ABB-PDU-670,SN550195194,2023-04-30,2023-06-02,14,2.2,Good,97.9,Medium,1034,Amps,109754,95381,Active,A,2025-01-11
AST00195,ASH01,AMER-East,Cooling,Carrier,CAR-COO-605,SN286626195,2019-10-05,2019-10-15,10,5.7,Warning,65.7,Medium,84,Tons,138781,72860,Active,B,2025-05-13
AST00196,ASH01,AMER-East,Generator,Kohler,KOH-GEN-788,SN933032196,2011-12-28,2012-02-05,15,13.5,Critical,49.8,High,2043,kW,429369,107342,Active,C,2025-06-20
AST00197,SEA01,AMER-West,Cooling,Carrier,CAR-COO-949,SN474999197,2014-05-16,2014-05-23,10,11.1,Critical,39.7,Medium,239,Tons,72906,10935,Active,B,2025-06-21
AST00198,SJC01,AMER-West,Cooling,Trane,TRA-COO-880,SN893719198,2021-02-21,2021-04-13,10,4.4,Warning,63.8,Medium,168,Tons,167979,106386,Active,C,2025-06-22
AST00199,DAL01,AMER-Central,UPS,Vertiv,VER-UPS-422,SN143642199,2015-04-18,2015-05-20,12,10.2,Critical,52.3,Low,1468,kVA,178801,52150,Active,B,2025-06-19
AST00200,SJC01,AMER-West,PDU,Schneider,SCH-PDU-269,SN915624200,2013-09-17,2013-10-06,14,11.8,Warning,61.5,Medium,189,Amps,87520,26047,Active,B,2025-06-25
AST00201,TOR01,AMER-Central,PDU,Schneider,SCH-PDU-137,SN777114201,2013-11-19,2013-11-28,14,11.6,Critical,53.2,High,1063,Amps,139661,43228,Active,A,2025-06-11
AST00202,SJC01,AMER-West,PDU,Schneider,SCH-PDU-415,SN503119202,2010-02-06,2010-02-23,14,15.4,Critical,33.9,Medium,945,Amps,130956,19643,Active,C,2025-06-26
AST00203,TOR01,AMER-Central,Cooling,Stulz,STU-COO-323,SN626684203,2023-11-17,2024-01-11,10,1.6,Good,91.1,High,265,Tons,193322,167545,Active,B,2025-04-15
AST00204,DEN01,AMER-Central,PDU,Schneider,SCH-PDU-139,SN261633204,2014-05-11,2014-06-24,14,11.1,Warning,64.7,Medium,365,Amps,52314,17749,Active,C,2025-04-27
AST00205,SJC01,AMER-West,Generator,Cummins,CUM-GEN-670,SN576840205,2016-07-11,2016-07-28,15,9.0,Warning,73.5,High,1362,kW,800547,400273,Active,C,2025-05-20
AST00206,ATL01,AMER-East,PDU,ABB,ABB-PDU-766,SN233541206,2021-09-26,2021-10-07,14,3.8,Good,88.0,High,282,Amps,93874,72640,Active,C,2025-05-01
AST00207,TOR01,AMER-Central,PDU,ABB,ABB-PDU-462,SN570452207,2011-07-11,2011-08-14,14,14.0,Critical,43.8,Medium,231,Amps,63787,10631,Active,C,2025-06-20
AST00208,MIA01,AMER-Central,PDU,Schneider,SCH-PDU-817,SN289004208,2019-02-12,2019-03-17,14,6.4,Good,75.9,High,444,Amps,120713,74727,Active,B,2025-04-14
AST00209,MIA01,AMER-Central,UPS,Schneider,SCH-UPS-459,SN263038209,2018-07-15,2018-08-22,12,7.0,Warning,72.5,Low,949,kVA,258383,132780,Active,B,2025-06-15
AST00210,ASH01,AMER-East,PDU,Eaton,EAT-PDU-425,SN700530210,2023-01-23,2023-02-26,14,2.4,Good,77.3,High,735,Amps,132272,113376,Active,B,2025-06-28
AST00211,SJC01,AMER-West,UPS,Vertiv,VER-UPS-434,SN715645211,2013-06-01,2013-07-12,12,12.1,Critical,42.1,High,1238,kVA,293667,46905,Active,C,2025-06-18
AST00212,SEA01,AMER-West,Chiller,York,YOR-CHI-583,SN238563212,2015-03-03,2015-04-03,11,10.3,Warning,56.3,High,341,Tons,301264,66186,Active,A,2025-04-13
AST00213,NYC01,AMER-East,PDU,Schneider,SCH-PDU-121,SN383097213,2012-07-06,2012-07-28,14,13.0,Critical,47.3,Medium,455,Amps,68821,15566,Active,A,2025-05-26
AST00214,DAL01,AMER-Central,Generator,Cummins,CUM-GEN-786,SN649148214,2023-02-21,2023-03-09,15,2.4,Good,98.0,High,1762,kW,569227,493330,Active,C,2025-05-24
AST00215,SJC01,AMER-West,PDU,Eaton,EAT-PDU-669,SN327286215,2010-01-29,2010-02-28,14,15.4,Critical,50.5,High,887,Amps,146660,21999,Retired,A,
AST00216,ASH01,AMER-East,UPS,Schneider,SCH-UPS-198,SN984200216,2011-05-31,2011-07-13,12,14.1,Critical,34.9,Medium,1136,kVA,238554,35783,Active,B,2025-05-28
AST00217,ATL01,AMER-East,Generator,Kohler,KOH-GEN-121,SN384186217,2014-12-29,2015-01-05,15,10.5,Warning,63.2,Medium,1988,kW,333268,138861,Active,C,2025-04-25
AST00218,DAL01,AMER-Central,Cooling,Stulz,STU-COO-183,SN673189218,2023-08-05,2023-08-28,10,1.9,Good,85.6,Medium,336,Tons,77857,65529,Active,A,2025-05-13
AST00219,SJC01,AMER-West,Cooling,Trane,TRA-COO-262,SN650719219,2020-11-07,2020-12-30,10,4.6,Good,81.3,Low,360,Tons,147711,91088,Active,C,2025-06-23
AST00220,SJC01,AMER-West,Cooling,Carrier,CAR-COO-370,SN516235220,2014-12-15,2015-01-04,10,10.5,Critical,48.3,High,106,Tons,86563,12984,Active,B,2025-06-20
AST00221,CHI01,AMER-East,Chiller,Trane,TRA-CHI-690,SN445114221,2012-09-11,2012-10-31,11,12.8,Critical,38.4,Low,711,Tons,281779,42266,Standby,A,2025-06-26
AST00222,SJC01,AMER-West,Generator,Cummins,CUM-GEN-792,SN931291222,2022-03-03,2022-03-10,15,3.3,Good,91.1,Medium,1526,kW,610904,498904,Active,B,2025-06-10
AST00223,DEN01,AMER-Central,PDU,Eaton,EAT-PDU-951,SN658819223,2016-03-03,2016-03-16,14,9.3,Warning,74.9,High,1166,Amps,50109,22370,Active,C,2025-03-14
AST00224,SEA01,AMER-West,Cooling,Trane,TRA-COO-485,SN941047224,2010-04-27,2010-05-09,10,15.2,Critical,26.9,Low,143,Tons,150708,22606,Active,A,2025-06-25
AST00225,CHI01,AMER-East,Generator,Caterpillar,CAT-GEN-706,SN993093225,2017-07-31,2017-09-05,15,7.9,Warning,67.9,High,3058,kW,344288,193183,Active,A,2024-12-23
AST00226,CHI01,AMER-East,PDU,Schneider,SCH-PDU-201,SN545864226,2015-08-06,2015-08-18,14,9.9,Critical,44.1,Medium,928,Amps,77981,32027,Active,C,2025-05-21
AST00227,SJC01,AMER-West,Chiller,Daikin,DAI-CHI-988,SN545485227,2020-04-20,2020-05-26,11,5.2,Critical,72.2,Medium,612,Tons,362997,219998,Retired,B,
AST00228,DEN01,AMER-Central,Cooling,Trane,TRA-COO-813,SN830023228,2017-06-13,2017-07-19,10,8.0,Critical,53.2,Medium,321,Tons,187720,62573,Active,B,2025-06-03
AST00229,DAL01,AMER-Central,Cooling,Carrier,CAR-COO-688,SN999187229,2010-01-02,2010-02-01,10,15.5,Critical,25.0,Medium,182,Tons,173737,26060,Active,B,2025-06-21
AST00230,ASH01,AMER-East,UPS,Vertiv,VER-UPS-785,SN438041230,2010-03-31,2010-05-24,12,15.2,Critical,31.0,High,392,kVA,286713,43006,Active,A,2025-05-10
AST00231,SEA01,AMER-West,Cooling,Carrier,CAR-COO-416,SN859746231,2012-06-05,2012-06-15,10,13.1,Critical,30.4,Medium,88,Tons,182832,27424,Standby,A,2025-06-23
AST00232,SJC01,AMER-West,PDU,ABB,ABB-PDU-515,SN133320232,2016-03-20,2016-05-13,14,9.3,Warning,64.4,High,865,Amps,147215,65720,Active,C,2025-05-21
AST00233,ASH01,AMER-East,Generator,Caterpillar,CAT-GEN-210,SN649114233,2014-09-10,2014-09-21,15,10.8,Warning,69.3,Medium,1458,kW,457235,182893,Active,A,2025-04-23
AST00234,SJC01,AMER-West,Generator,Caterpillar,CAT-GEN-489,SN783321234,2010-07-27,2010-08-22,15,14.9,Critical,49.3,Medium,1409,kW,378818,65240,Retired,C,
AST00235,LAX01,AMER-West,Generator,Cummins,CUM-GEN-111,SN241398235,2023-06-06,2023-06-22,15,2.1,Good,90.7,Low,2560,kW,363186,320814,Active,B,2025-03-25
AST00236,PHX01,AMER-West,Generator,Kohler,KOH-GEN-246,SN251094236,2015-12-10,2016-01-29,15,9.6,Warning,56.3,Medium,1684,kW,308380,143910,Active,A,2025-06-12
AST00237,LAX01,AMER-West,UPS,Vertiv,VER-UPS-911,SN906481237,2020-02-20,2020-03-01,12,5.4,Warning,71.3,Medium,1163,kVA,352805,220503,Active,C,2025-05-18
AST00238,DEN01,AMER-Central,UPS,Eaton,EAT-UPS-451,SN889352238,2022-09-19,2022-09-26,12,2.8,Good,86.6,Medium,1173,kVA,315314,254002,Standby,B,2025-04-18
AST00239,TOR01,AMER-Central,PDU,Schneider,SCH-PDU-961,SN474484239,2022-06-07,2022-07-12,14,3.1,Good,86.0,High,1106,Amps,145375,118549,Active,A,2025-05-01
AST00240,NYC01,AMER-East,UPS,Vertiv,VER-UPS-904,SN912395240,2011-02-08,2011-03-04,12,14.4,Critical,25.0,Medium,1205,kVA,356847,53527,Active,C,2025-06-27
AST00241,ASH01,AMER-East,PDU,ABB,ABB-PDU-677,SN389102241,2013-06-27,2013-08-04,14,12.0,Critical,52.1,High,1081,Amps,90350,25814,Active,A,2025-06-25
AST00242,TOR01,AMER-Central,UPS,Vertiv,VER-UPS-854,SN379922242,2020-12-23,2021-02-19,12,4.5,Critical,91.8,High,886,kVA,339474,233388,Retired,A,
AST00243,ASH01,AMER-East,PDU,Eaton,EAT-PDU-966,SN620985243,2011-06-14,2011-06-26,14,14.0,Critical,54.6,Medium,249,Amps,68279,11379,Active,C,2025-06-14
AST00244,ASH01,AMER-East,UPS,Eaton,EAT-UPS-698,SN297133244,2022-07-10,2022-07-28,12,3.0,Good,91.7,High,251,kVA,154324,122173,Active,A,2025-06-01
AST00245,CHI01,AMER-East,PDU,ABB,ABB-PDU-927,SN722605245,2020-12-19,2021-01-31,14,4.5,Warning,70.8,Medium,279,Amps,114350,83720,Active,B,2025-05-16
AST00246,ASH01,AMER-East,UPS,Eaton,EAT-UPS-244,SN685560246,2023-07-05,2023-08-06,12,2.0,Good,90.5,High,315,kVA,234832,202216,Active,B,2025-05-19
AST00247,DAL01,AMER-Central,PDU,Eaton,EAT-PDU-806,SN657685247,2022-06-22,2022-07-10,14,3.0,Good,77.3,Medium,741,Amps,116260,95499,Active,B,2025-03-02
AST00248,MIA01,AMER-Central,UPS,Eaton,EAT-UPS-961,SN119816248,2017-12-01,2017-12-06,12,7.6,Critical,63.3,Low,382,kVA,335011,158199,Retired,B,
AST00249,DAL01,AMER-Central,PDU,ABB,ABB-PDU-220,SN398090249,2016-06-18,2016-07-29,14,9.0,Warning,62.2,Medium,836,Amps,116652,54159,Standby,A,2025-05-21
AST00250,DAL01,AMER-Central,Generator,Cummins,CUM-GEN-404,SN857232250,2016-01-22,2016-03-10,15,9.4,Warning,63.1,High,2847,kW,921179,440118,Active,B,2025-04-16
AST00251,LAX01,AMER-West,Generator,Kohler,KOH-GEN-981,SN618477251,2013-10-22,2013-10-28,15,11.7,Warning,55.0,Low,1968,kW,633299,221654,Active,A,2025-06-23
AST00252,NYC01,AMER-East,Chiller,York,YOR-CHI-896,SN574112252,2010-10-09,2010-12-07,11,14.7,Critical,29.2,Low,184,Tons,337285,50592,Active,A,2025-06-14
AST00253,DAL01,AMER-Central,Chiller,York,YOR-CHI-790,SN396141253,2016-12-07,2016-12-23,11,8.6,Warning,55.7,Medium,639,Tons,292307,101864,Active,B,2025-05-27
AST00254,CHI01,AMER-East,Chiller,Trane,TRA-CHI-341,SN232311254,2017-07-03,2017-08-19,11,8.0,Warning,63.1,High,275,Tons,246945,97281,Active,A,2025-06-23
AST00255,DEN01,AMER-Central,Cooling,Trane,TRA-COO-322,SN418647255,2021-10-22,2021-12-12,10,3.7,Good,86.1,High,257,Tons,74110,51259,Active,B,2025-01-07
AST00256,PHX01,AMER-West,Generator,Kohler,KOH-GEN-250,SN909343256,2020-09-28,2020-11-16,15,4.8,Good,84.8,Medium,1307,kW,670479,491684,Active,A,2025-02-03
AST00257,ASH01,AMER-East,UPS,Schneider,SCH-UPS-440,SN747296257,2015-05-24,2015-07-22,12,10.1,Warning,58.0,Medium,918,kVA,195823,58474,Active,C,2025-06-21
AST00258,SJC01,AMER-West,PDU,Eaton,EAT-PDU-594,SN734965258,2022-08-18,2022-10-08,14,2.9,Good,81.2,High,460,Amps,148542,122900,Active,B,2025-03-28
AST00259,SEA01,AMER-West,Cooling,Trane,TRA-COO-244,SN386233259,2016-10-10,2016-10-22,10,8.7,Critical,51.9,High,382,Tons,175448,48248,Standby,C,2025-06-23
AST00260,LAX01,AMER-West,Cooling,Stulz,STU-COO-939,SN530424260,2022-10-28,2022-12-17,10,2.7,Good,98.0,High,368,Tons,166376,128941,Active,B,2024-12-18
AST00261,ASH01,AMER-East,UPS,Eaton,EAT-UPS-319,SN562785261,2018-07-22,2018-09-14,12,6.9,Warning,74.2,Medium,953,kVA,95704,49845,Active,A,2025-03-28
AST00262,LAX01,AMER-West,UPS,Eaton,EAT-UPS-780,SN842488262,2018-11-07,2018-12-29,12,6.6,Good,82.5,Medium,1030,kVA,248280,134485,Active,C,2024-12-22
AST00263,LAX01,AMER-West,UPS,Vertiv,VER-UPS-423,SN619777263,2020-06-25,2020-08-06,12,5.0,Good,88.4,High,743,kVA,157203,102618,Active,B,2025-06-21
AST00264,NYC01,AMER-East,Generator,Caterpillar,CAT-GEN-118,SN136321264,2014-06-26,2014-07-18,15,11.0,Warning,62.8,High,3444,kW,525014,204172,Active,A,2025-04-24
AST00265,DAL01,AMER-Central,PDU,Schneider,SCH-PDU-921,SN739430265,2012-04-30,2012-05-29,14,13.2,Critical,45.9,High,874,Amps,48726,10441,Active,B,2025-05-08
AST00266,DAL01,AMER-Central,Generator,Kohler,KOH-GEN-810,SN986926266,2018-08-14,2018-09-08,15,6.9,Good,81.3,Medium,2496,kW,494432,304899,Active,A,2025-06-15
AST00267,DAL01,AMER-Central,Generator,Cummins,CUM-GEN-201,SN949881267,2022-01-18,2022-02-02,15,3.4,Warning,72.5,High,1961,kW,774509,628212,Active,A,2025-06-24
AST00268,MIA01,AMER-Central,UPS,Vertiv,VER-UPS-102,SN646900268,2020-07-15,2020-08-14,12,5.0,Critical,89.5,Medium,577,kVA,256703,167570,Retired,C,
AST00269,SJC01,AMER-West,Generator,Kohler,KOH-GEN-839,SN435914269,2016-11-06,2016-12-28,15,8.6,Warning,57.1,High,3390,kW,492781,257341,Active,A,2025-05-18
AST00270,DEN01,AMER-Central,UPS,Schneider,SCH-UPS-463,SN965146270,2016-12-20,2017-02-05,12,8.5,Warning,62.2,Medium,1254,kVA,114596,46952,Active,B,2025-05-28
AST00271,DAL01,AMER-Central,Chiller,Trane,TRA-CHI-216,SN449307271,2011-02-11,2011-03-02,11,14.4,Critical,34.4,High,864,Tons,419058,62858,Active,B,2025-06-27
AST00272,ATL01,AMER-East,PDU,Schneider,SCH-PDU-423,SN571828272,2020-07-21,2020-08-07,14,4.9,Good,79.6,Medium,619,Amps,82650,58543,Active,A,2025-06-10
AST00273,SJC01,AMER-West,Chiller,York,YOR-CHI-638,SN798012273,2012-08-21,2012-10-11,11,12.9,Critical,29.4,Medium,305,Tons,241999,36299,Active,A,2025-05-03
AST00274,ATL01,AMER-East,UPS,Vertiv,VER-UPS-519,SN557373274,2010-04-16,2010-05-08,12,15.2,Critical,25.0,Medium,251,kVA,266048,39907,Active,B,2025-06-13
AST00275,ATL01,AMER-East,Generator,Cummins,CUM-GEN-558,SN854950275,2017-03-21,2017-04-25,15,8.3,Warning,62.7,Medium,2062,kW,352588,190005,Active,A,2025-05-04
AST00276,ASH01,AMER-East,Cooling,Carrier,CAR-COO-411,SN934800276,2020-01-03,2020-02-18,10,5.5,Warning,68.2,Medium,377,Tons,184735,100064,Active,A,2025-06-26
AST00277,TOR01,AMER-Central,Generator,Kohler,KOH-GEN-921,SN863264277,2010-02-05,2010-03-25,15,15.4,Critical,37.8,Medium,2399,kW,846956,127043,Active,A,2025-05-27
AST00278,ASH01,AMER-East,PDU,Schneider,SCH-PDU-240,SN311830278,2018-01-17,2018-02-12,14,7.4,Warning,69.9,High,875,Amps,54435,30457,Standby,A,2025-05-24
AST00279,SEA01,AMER-West,PDU,Schneider,SCH-PDU-477,SN859416279,2020-11-20,2021-01-05,14,4.6,Good,86.0,High,733,Amps,116831,84841,Active,C,2025-05-19
AST00280,ASH01,AMER-East,UPS,Vertiv,VER-UPS-148,SN332601280,2023-03-09,2023-04-09,12,2.3,Good,97.6,Medium,299,kVA,195111,163947,Active,A,2025-05-07
AST00281,ASH01,AMER-East,UPS,Eaton,EAT-UPS-245,SN334386281,2020-02-01,2020-03-12,12,5.4,Good,88.0,Medium,1242,kVA,350337,218960,Active,B,2025-05-19
AST00282,DAL01,AMER-Central,PDU,Eaton,EAT-PDU-786,SN650448282,2022-10-21,2022-11-29,14,2.7,Good,83.6,Low,822,Amps,62014,52047,Active,B,2025-04-24
AST00283,CHI01,AMER-East,Generator,Caterpillar,CAT-GEN-554,SN385855283,2011-10-24,2011-11-08,15,13.7,Critical,50.1,Medium,1649,kW,485768,116044,Active,B,2025-06-02
AST00284,TOR01,AMER-Central,PDU,Schneider,SCH-PDU-176,SN551000284,2017-03-22,2017-04-20,14,8.3,Warning,66.4,Medium,919,Amps,62727,31736,Active,C,2025-06-07
AST00285,LAX01,AMER-West,Chiller,York,YOR-CHI-473,SN394054285,2021-12-07,2022-01-21,11,3.6,Good,76.4,Medium,608,Tons,313510,228007,Standby,A,2025-03-17
AST00286,DAL01,AMER-Central,Cooling,Trane,TRA-COO-799,SN544717286,2019-03-06,2019-03-29,10,6.3,Good,76.8,Low,147,Tons,98893,46974,Active,A,2025-06-02
AST00287,DAL01,AMER-Central,Generator,Kohler,KOH-GEN-135,SN997767287,2017-02-14,2017-03-27,15,8.4,Warning,70.4,Medium,1352,kW,484451,258373,Active,C,2025-05-09
AST00288,ASH01,AMER-East,Chiller,York,YOR-CHI-747,SN154624288,2010-03-14,2010-03-24,11,15.3,Critical,25.3,High,574,Tons,236492,35473,Retired,B,
AST00289,LAX01,AMER-West,PDU,ABB,ABB-PDU-259,SN749991289,2020-03-02,2020-04-13,14,5.3,Good,75.5,High,216,Amps,145732,99757,Standby,A,2025-06-13
AST00290,SJC01,AMER-West,PDU,Schneider,SCH-PDU-358,SN698357290,2021-05-16,2021-05-26,14,4.1,Good,85.3,High,876,Amps,64201,48532,Active,C,2025-06-28
AST00291,SEA01,AMER-West,UPS,Schneider,SCH-UPS-897,SN415507291,2017-04-15,2017-04-27,12,8.2,Warning,74.1,Medium,911,kVA,265915,114491,Standby,A,2025-06-12
AST00292,DAL01,AMER-Central,Cooling,Carrier,CAR-COO-552,SN142828292,2019-11-29,2020-01-01,10,5.6,Warning,72.1,High,366,Tons,133910,71418,Active,A,2025-05-06
AST00293,ATL01,AMER-East,Chiller,Trane,TRA-CHI-769,SN854296293,2012-10-13,2012-12-11,11,12.7,Critical,34.2,Low,161,Tons,280400,42060,Active,C,2025-06-08
AST00294,NYC01,AMER-East,Cooling,Stulz,STU-COO-747,SN270963294,2015-04-16,2015-04-23,10,10.2,Critical,35.6,Medium,223,Tons,146437,21965,Active,A,2025-06-28
AST00295,SEA01,AMER-West,Cooling,Trane,TRA-COO-385,SN984884295,2010-08-25,2010-09-18,10,14.8,Critical,25.0,Medium,310,Tons,69895,10484,Active,C,2025-06-22
AST00296,ATL01,AMER-East,Chiller,York,YOR-CHI-883,SN110699296,2012-10-09,2012-11-20,11,12.7,Critical,42.0,Low,649,Tons,139169,20875,Active,A,2025-06-12
AST00297,TOR01,AMER-Central,PDU,Schneider,SCH-PDU-440,SN659873297,2016-12-31,2017-01-31,14,8.5,Warning,61.1,Medium,910,Amps,129416,63937,Active,B,2025-05-02
AST00298,SEA01,AMER-West,Generator,Kohler,KOH-GEN-279,SN798045298,2023-07-02,2023-07-29,15,2.0,Good,83.3,Medium,2689,kW,316035,280920,Active,B,2025-06-10
AST00299,SJC01,AMER-West,PDU,ABB,ABB-PDU-242,SN826331299,2022-01-24,2022-03-06,14,3.4,Good,89.8,Medium,393,Amps,106929,85288,Active,A,2025-05-05
AST00300,CHI01,AMER-East,UPS,Vertiv,VER-UPS-338,SN985296300,2021-03-31,2021-05-16,12,4.2,Good,77.0,High,927,kVA,177468,125706,Active,B,2025-05-15
AST00301,DEN01,AMER-Central,UPS,Vertiv,VER-UPS-561,SN173861301,2015-01-01,2015-01-08,12,10.5,Critical,54.5,Low,1280,kVA,130461,35333,Active,B,2025-05-01
AST00302,LAX01,AMER-West,Generator,Caterpillar,CAT-GEN-498,SN736308302,2010-03-14,2010-04-22,15,15.3,Warning,57.9,Medium,1129,kW,934801,140220,Active,A,2025-06-21
AST00303,ASH01,AMER-East,Generator,Cummins,CUM-GEN-921,SN129984303,2021-12-10,2022-01-19,15,3.6,Good,85.2,Low,1094,kW,285901,228720,Active,A,2025-05-26
AST00304,DAL01,AMER-Central,Chiller,Daikin,DAI-CHI-435,SN793045304,2013-02-07,2013-03-29,11,12.4,Critical,39.4,High,530,Tons,234099,35114,Active,B,2025-04-08
AST00305,TOR01,AMER-Central,Cooling,Carrier,CAR-COO-636,SN656110305,2018-01-25,2018-02-02,10,7.4,Critical,53.7,Medium,252,Tons,193955,74349,Active,B,2025-06-17
AST00306,SJC01,AMER-West,Chiller,York,YOR-CHI-707,SN325371306,2021-07-25,2021-08-11,11,3.9,Good,83.0,Medium,692,Tons,284685,200573,Active,B,2025-02-07
AST00307,SJC01,AMER-West,Chiller,Daikin,DAI-CHI-489,SN479551307,2019-11-13,2019-12-16,11,5.6,Warning,65.4,Medium,192,Tons,180545,103950,Active,A,2025-06-21
AST00308,DEN01,AMER-Central,Cooling,Carrier,CAR-COO-566,SN402066308,2017-06-03,2017-06-12,10,8.1,Critical,54.4,Medium,345,Tons,169792,55182,Active,B,2025-06-12
AST00309,ASH01,AMER-East,Generator,Kohler,KOH-GEN-155,SN256104309,2022-12-21,2023-01-17,15,2.5,Good,98.0,High,3130,kW,324936,279806,Active,A,2025-06-26
AST00310,SJC01,AMER-West,Cooling,Stulz,STU-COO-428,SN325469310,2021-08-15,2021-10-04,10,3.9,Critical,77.9,High,342,Tons,162359,109592,Retired,C,
AST00311,ASH01,AMER-East,Chiller,Trane,TRA-CHI-714,SN679111311,2011-02-04,2011-02-25,11,14.4,Critical,28.1,High,250,Tons,319900,47985,Retired,C,
AST00312,TOR01,AMER-Central,PDU,Eaton,EAT-PDU-519,SN898843312,2012-03-30,2012-05-11,14,13.3,Critical,42.6,Medium,917,Amps,96196,20040,Active,A,2025-06-22
AST00313,ASH01,AMER-East,Generator,Cummins,CUM-GEN-697,SN955684313,2015-11-10,2016-01-08,15,9.6,Warning,55.6,Medium,1385,kW,343037,160083,Active,A,2025-06-18
AST00314,SEA01,AMER-West,Cooling,Carrier,CAR-COO-841,SN304366314,2016-04-12,2016-05-07,10,9.2,Critical,48.9,Low,217,Tons,89022,20771,Active,B,2025-05-14
AST00315,TOR01,AMER-Central,PDU,Schneider,SCH-PDU-799,SN503850315,2012-06-19,2012-07-14,14,13.0,Critical,42.0,Medium,457,Amps,74300,16805,Active,C,2025-06-11
AST00316,LAX01,AMER-West,PDU,Schneider,SCH-PDU-807,SN780481316,2017-01-01,2017-02-26,14,8.5,Warning,66.4,Medium,773,Amps,138947,68646,Active,B,2025-04-16
AST00317,PHX01,AMER-West,Chiller,Daikin,DAI-CHI-535,SN917052317,2011-08-17,2011-09-28,11,13.9,Critical,25.0,High,703,Tons,315113,47266,Active,A,2025-06-26
AST00318,SEA01,AMER-West,UPS,Eaton,EAT-UPS-724,SN153352318,2016-09-10,2016-10-01,12,8.8,Warning,56.6,Medium,1393,kVA,194576,75668,Active,C,2025-04-12
AST00319,CHI01,AMER-East,Generator,Cummins,CUM-GEN-341,SN513497319,2011-07-26,2011-09-08,15,13.9,Critical,47.6,High,1788,kW,669878,152583,Active,C,2025-06-11
AST00320,DAL01,AMER-Central,UPS,Eaton,EAT-UPS-875,SN521818320,2017-10-20,2017-11-15,12,7.7,Warning,62.1,High,449,kVA,244544,113780,Active,A,2025-02-07
AST00321,CHI01,AMER-East,Cooling,Carrier,CAR-COO-272,SN196722321,2010-03-20,2010-03-29,10,15.3,Critical,25.0,High,166,Tons,125920,18888,Active,B,2025-06-21
AST00322,SJC01,AMER-West,Cooling,Carrier,CAR-COO-142,SN529440322,2021-06-14,2021-08-02,10,4.0,Good,84.8,Low,231,Tons,148588,99058,Active,A,2025-04-20
AST00323,DAL01,AMER-Central,Cooling,Stulz,STU-COO-465,SN672643323,2010-05-28,2010-06-12,10,15.1,Critical,25.0,High,290,Tons,190426,28563,Active,C,2025-06-27
AST00324,SJC01,AMER-West,Chiller,Trane,TRA-CHI-590,SN192601324,2011-07-17,2011-07-26,11,14.0,Critical,39.1,Low,499,Tons,256511,38476,Active,B,2025-06-20
AST00325,PHX01,AMER-West,Chiller,Daikin,DAI-CHI-436,SN248702325,2014-04-23,2014-05-05,11,11.2,Critical,44.2,Medium,509,Tons,247896,37559,Active,C,2025-06-04
AST00326,SJC01,AMER-West,Chiller,Trane,TRA-CHI-562,SN619089326,2016-07-04,2016-07-11,11,9.0,Critical,49.1,Medium,710,Tons,302051,96107,Active,B,2025-06-21
AST00327,DAL01,AMER-Central,PDU,ABB,ABB-PDU-877,SN659252327,2014-06-02,2014-07-12,14,11.1,Warning,63.1,Medium,801,Amps,50978,17296,Active,B,2025-06-13
AST00328,LAX01,AMER-West,Chiller,Daikin,DAI-CHI-473,SN854444328,2012-02-09,2012-04-06,11,13.4,Critical,32.6,High,309,Tons,232990,34948,Active,C,2025-05-25
AST00329,SJC01,AMER-West,Chiller,Trane,TRA-CHI-622,SN247977329,2020-11-27,2020-12-16,11,4.6,Good,80.8,Low,422,Tons,209489,136485,Active,B,2025-01-23
AST00330,ASH01,AMER-East,Chiller,York,YOR-CHI-764,SN170119330,2016-02-09,2016-02-27,11,9.4,Warning,60.5,High,273,Tons,225432,64897,Active,B,2025-06-20
AST00331,DAL01,AMER-Central,UPS,Eaton,EAT-UPS-785,SN184080331,2020-02-15,2020-03-11,12,5.4,Warning,73.7,High,371,kVA,214447,134029,Active,B,2025-06-24
AST00332,ASH01,AMER-East,Cooling,Stulz,STU-COO-596,SN661931332,2010-02-08,2010-03-25,10,15.4,Critical,25.0,High,97,Tons,165500,24825,Active,C,2025-06-10
AST00333,CHI01,AMER-East,UPS,Schneider,SCH-UPS-762,SN769931333,2019-07-01,2019-08-06,12,6.0,Good,75.1,Medium,452,kVA,148005,86336,Active,A,2025-02-20
AST00334,PHX01,AMER-West,Generator,Kohler,KOH-GEN-444,SN667829334,2021-11-09,2021-12-11,15,3.6,Good,98.0,Low,1769,kW,868316,694652,Active,B,2025-05-23
AST00335,SJC01,AMER-West,UPS,Vertiv,VER-UPS-706,SN584814335,2021-10-18,2021-12-12,12,3.7,Good,88.7,High,337,kVA,147804,109826,Active,A,2025-03-18
AST00336,PHX01,AMER-West,UPS,Eaton,EAT-UPS-782,SN651332336,2016-05-14,2016-06-20,12,9.1,Warning,62.3,Medium,945,kVA,98706,36329,Standby,A,2025-05-22
AST00337,SJC01,AMER-West,PDU,Eaton,EAT-PDU-380,SN680735337,2011-12-04,2012-01-14,14,13.6,Critical,47.7,Low,285,Amps,86321,16442,Active,B,2025-05-11
AST00338,CHI01,AMER-East,PDU,Schneider,SCH-PDU-683,SN515872338,2020-03-16,2020-05-03,14,5.3,Warning,73.2,Low,664,Amps,127368,87186,Active,C,2025-06-19
AST00339,SEA01,AMER-West,Chiller,Trane,TRA-CHI-109,SN789556339,2015-01-30,2015-03-21,11,10.4,Critical,43.9,High,380,Tons,276570,58666,Retired,C,
AST00340,LAX01,AMER-West,Chiller,York,YOR-CHI-211,SN531116340,2018-08-04,2018-08-17,11,6.9,Warning,69.6,Low,649,Tons,228777,109189,Active,A,2025-06-25
AST00341,DAL01,AMER-Central,UPS,Eaton,EAT-UPS-113,SN245016341,2017-04-03,2017-05-11,12,8.2,Warning,64.6,Medium,1293,kVA,207322,89263,Active,A,2025-02-05
AST00342,ASH01,AMER-East,UPS,Vertiv,VER-UPS-854,SN845182342,2020-11-27,2021-01-25,12,4.6,Good,81.2,Medium,1343,kVA,190483,129634,Active,A,2025-06-18
AST00343,SEA01,AMER-West,Cooling,Carrier,CAR-COO-326,SN647993343,2013-11-05,2013-12-16,10,11.6,Critical,44.7,Low,309,Tons,168892,25333,Active,A,2025-06-28
AST00344,SJC01,AMER-West,Generator,Caterpillar,CAT-GEN-970,SN290868344,2023-06-19,2023-07-03,15,2.0,Good,97.0,Medium,3085,kW,868717,772192,Standby,A,2025-04-08
AST00345,NYC01,AMER-East,UPS,Vertiv,VER-UPS-625,SN169122345,2021-09-23,2021-10-21,12,3.8,Good,78.7,Low,585,kVA,358787,264107,Active,C,2025-06-28
AST00346,ASH01,AMER-East,PDU,ABB,ABB-PDU-987,SN209079346,2018-01-26,2018-03-05,14,7.4,Good,88.8,High,743,Amps,59226,33138,Active,B,2025-06-07
AST00347,NYC01,AMER-East,UPS,Eaton,EAT-UPS-977,SN417650347,2018-12-04,2018-12-30,12,6.6,Warning,69.7,Low,913,kVA,132092,71549,Active,B,2025-06-03
AST00348,PHX01,AMER-West,Cooling,Carrier,CAR-COO-413,SN793221348,2011-06-26,2011-08-22,10,14.0,Critical,32.2,High,435,Tons,206330,30949,Active,A,2025-06-25
AST00349,SJC01,AMER-West,Cooling,Stulz,STU-COO-212,SN879446349,2011-03-08,2011-04-14,10,14.3,Critical,25.0,High,225,Tons,164134,24620,Active,B,2025-06-14
AST00350,DAL01,AMER-Central,PDU,Eaton,EAT-PDU-212,SN446874350,2014-07-10,2014-08-11,14,11.0,Critical,54.7,Medium,912,Amps,120054,41447,Active,C,2025-06-04
AST00351,DEN01,AMER-Central,Generator,Cummins,CUM-GEN-260,SN553008351,2023-11-15,2023-11-25,15,1.6,Good,87.8,Medium,2283,kW,591955,539336,Active,C,2025-04-09
AST00352,ASH01,AMER-East,PDU,ABB,ABB-PDU-498,SN785614352,2015-07-04,2015-07-22,14,10.0,Warning,68.1,High,273,Amps,102418,41454,Active,A,2025-06-21
AST00353,ATL01,AMER-East,Cooling,Trane,TRA-COO-672,SN763689353,2022-11-11,2023-01-04,10,2.6,Good,76.9,Medium,338,Tons,119220,93389,Active,B,2025-06-08
AST00354,ASH01,AMER-East,Cooling,Trane,TRA-COO-961,SN761757354,2020-02-14,2020-04-12,10,5.4,Warning,72.7,Medium,277,Tons,118072,64939,Active,B,2025-02-23
AST00355,LAX01,AMER-West,Cooling,Stulz,STU-COO-680,SN687100355,2015-03-16,2015-04-26,10,10.3,Critical,40.5,Medium,128,Tons,173899,26084,Active,B,2025-06-25
AST00356,NYC01,AMER-East,Generator,Caterpillar,CAT-GEN-359,SN260381356,2014-06-14,2014-07-27,15,11.0,Warning,63.4,Medium,2009,kW,636992,247719,Active,B,2025-06-22
AST00357,DAL01,AMER-Central,Cooling,Trane,TRA-COO-281,SN641357357,2017-10-10,2017-11-27,10,7.7,Warning,64.0,Low,267,Tons,203808,73031,Active,B,2025-06-26
AST00358,ASH01,AMER-East,UPS,Schneider,SCH-UPS-763,SN686712358,2014-06-08,2014-07-18,12,11.1,Critical,54.6,Medium,974,kVA,222503,50990,Standby,B,2025-06-13
AST00359,SJC01,AMER-West,Chiller,Trane,TRA-CHI-369,SN248087359,2012-05-25,2012-06-08,11,13.1,Critical,27.8,Low,549,Tons,351390,52708,Standby,B,2025-06-21
AST00360,ASH01,AMER-East,Chiller,Daikin,DAI-CHI-828,SN526188360,2014-06-30,2014-07-10,11,11.0,Critical,38.3,High,705,Tons,161800,26966,Active,A,2025-06-14
AST00361,CHI01,AMER-East,Cooling,Stulz,STU-COO-974,SN466008361,2014-09-16,2014-10-11,10,10.8,Critical,41.5,High,275,Tons,82073,12310,Standby,A,2025-06-17
AST00362,DAL01,AMER-Central,Chiller,Trane,TRA-CHI-618,SN852254362,2020-12-14,2021-01-02,11,4.5,Warning,74.1,Medium,821,Tons,186707,123056,Active,C,2025-06-14
AST00363,SJC01,AMER-West,UPS,Vertiv,VER-UPS-765,SN495755363,2020-03-15,2020-04-02,12,5.3,Warning,73.9,High,414,kVA,341924,216076,Active,A,2025-06-02
AST00364,ASH01,AMER-East,PDU,ABB,ABB-PDU-230,SN349430364,2020-01-01,2020-01-31,14,5.5,Good,84.9,Medium,1133,Amps,71928,48380,Active,A,2025-06-27
AST00365,NYC01,AMER-East,Generator,Kohler,KOH-GEN-544,SN452680365,2015-04-23,2015-05-30,15,10.2,Warning,64.7,High,1628,kW,371006,160769,Active,A,2025-06-27
AST00366,NYC01,AMER-East,Generator,Cummins,CUM-GEN-388,SN948464366,2011-08-21,2011-09-18,15,13.9,Critical,48.1,High,1572,kW,418593,95346,Active,A,2025-06-21
AST00367,ASH01,AMER-East,Chiller,York,YOR-CHI-628,SN560385367,2015-09-22,2015-10-02,11,9.8,Critical,52.2,Medium,643,Tons,329093,84766,Active,B,2025-06-21
AST00368,LAX01,AMER-West,PDU,Schneider,SCH-PDU-676,SN803305368,2017-04-11,2017-05-06,14,8.2,Warning,65.2,High,171,Amps,113673,58189,Active,C,2025-03-28
AST00369,CHI01,AMER-East,UPS,Schneider,SCH-UPS-778,SN193269369,2010-04-08,2010-04-24,12,15.2,Critical,29.5,Medium,593,kVA,311095,46664,Active,A,2025-05-22
AST00370,SEA01,AMER-West,UPS,Vertiv,VER-UPS-749,SN248066370,2022-10-11,2022-12-05,12,2.7,Good,95.5,High,810,kVA,329647,267838,Active,B,2025-04-19
AST00371,DAL01,AMER-Central,UPS,Vertiv,VER-UPS-977,SN965139371,2016-05-13,2016-06-08,12,9.1,Critical,54.9,Medium,625,kVA,232055,85409,Active,A,2025-06-26
AST00372,DAL01,AMER-Central,Cooling,Trane,TRA-COO-727,SN625069372,2014-10-16,2014-11-16,10,10.7,Critical,34.5,High,247,Tons,83489,12523,Active,B,2025-03-26
AST00373,MIA01,AMER-Central,Cooling,Carrier,CAR-COO-143,SN647936373,2020-08-03,2020-09-18,10,4.9,Warning,72.6,Medium,306,Tons,86253,51033,Active,A,2025-05-21
AST00374,NYC01,AMER-East,UPS,Schneider,SCH-UPS-700,SN806938374,2014-12-20,2015-02-12,12,10.5,Critical,46.7,Low,958,kVA,316058,85599,Active,A,2025-06-27
AST00375,LAX01,AMER-West,PDU,Eaton,EAT-PDU-584,SN361716375,2016-12-26,2017-01-07,14,8.5,Good,75.5,High,716,Amps,66384,32796,Active,C,2025-05-21
AST00376,ASH01,AMER-East,Generator,Kohler,KOH-GEN-337,SN400135376,2022-09-29,2022-10-21,15,2.8,Good,84.8,Medium,1467,kW,488139,412206,Active,B,2025-04-14
AST00377,CHI01,AMER-East,Chiller,Trane,TRA-CHI-382,SN310545377,2017-09-23,2017-11-09,11,7.8,Critical,50.0,Low,189,Tons,370870,151719,Active,A,2025-06-24
AST00378,TOR01,AMER-Central,Generator,Cummins,CUM-GEN-991,SN379215378,2011-09-05,2011-10-22,15,13.8,Warning,58.5,Low,1612,kW,872131,203497,Active,A,2025-05-06
AST00379,SJC01,AMER-West,UPS,Vertiv,VER-UPS-986,SN467631379,2018-04-02,2018-04-07,12,7.2,Warning,69.4,Medium,824,kVA,121852,60925,Active,C,2025-06-15
AST00380,PHX01,AMER-West,UPS,Vertiv,VER-UPS-632,SN477501380,2015-03-26,2015-04-12,12,10.3,Critical,49.0,Medium,1435,kVA,353427,100628,Active,A,2025-06-16
AST00381,DAL01,AMER-Central,PDU,Schneider,SCH-PDU-346,SN906527381,2012-07-12,2012-08-12,14,13.0,Critical,47.6,Low,280,Amps,71819,16244,Active,B,2025-05-17
AST00382,ASH01,AMER-East,Chiller,Daikin,DAI-CHI-765,SN361501382,2020-07-31,2020-08-09,11,4.9,Good,82.4,High,376,Tons,266108,167325,Active,C,2025-06-08
AST00383,LAX01,AMER-West,UPS,Schneider,SCH-UPS-533,SN756005383,2019-09-18,2019-10-11,12,5.8,Good,75.3,High,1192,kVA,333051,198905,Active,C,2025-06-24
AST00384,DAL01,AMER-Central,Cooling,Stulz,STU-COO-556,SN668020384,2015-03-15,2015-04-12,10,10.3,Critical,45.5,Low,305,Tons,74346,11151,Active,B,2025-06-22
AST00385,TOR01,AMER-Central,Cooling,Carrier,CAR-COO-376,SN745275385,2011-08-11,2011-09-10,10,13.9,Critical,25.0,Medium,269,Tons,160648,24097,Active,B,2025-05-12
AST00386,CHI01,AMER-East,PDU,Schneider,SCH-PDU-774,SN642387386,2012-09-07,2012-10-15,14,12.8,Critical,46.2,High,190,Amps,116986,27853,Active,A,2025-05-22
AST00387,LAX01,AMER-West,PDU,Eaton,EAT-PDU-378,SN439119387,2023-10-18,2023-11-13,14,1.7,Good,96.5,Low,422,Amps,117516,105624,Active,A,2025-02-18
AST00388,SJC01,AMER-West,PDU,Eaton,EAT-PDU-961,SN533934388,2014-08-02,2014-09-02,14,10.9,Critical,48.7,High,1080,Amps,123112,43235,Active,A,2025-06-15
AST00389,SJC01,AMER-West,UPS,Eaton,EAT-UPS-582,SN305735389,2011-12-25,2012-01-26,12,13.5,Critical,34.7,Medium,1320,kVA,166229,24934,Standby,B,2025-06-21
AST00390,PHX01,AMER-West,Generator,Kohler,KOH-GEN-100,SN645735390,2021-07-21,2021-09-18,15,3.9,Good,87.8,Medium,1854,kW,536190,420015,Active,C,2025-05-06
AST00391,DAL01,AMER-Central,Cooling,Carrier,CAR-COO-905,SN212782391,2014-05-22,2014-06-16,10,11.1,Critical,39.8,High,306,Tons,205600,30840,Active,B,2025-05-22
AST00392,DAL01,AMER-Central,Chiller,York,YOR-CHI-401,SN410925392,2020-02-18,2020-03-29,11,5.4,Good,86.6,Low,609,Tons,218696,129229,Active,A,2025-05-09
AST00393,CHI01,AMER-East,Cooling,Carrier,CAR-COO-318,SN692278393,2020-10-13,2020-11-13,10,4.7,Good,80.2,High,433,Tons,198669,120856,Active,B,2025-04-19
AST00394,TOR01,AMER-Central,Cooling,Trane,TRA-COO-711,SN186516394,2010-05-22,2010-06-03,10,15.1,Critical,25.0,Low,269,Tons,191498,28724,Active,A,2025-06-27
AST00395,PHX01,AMER-West,Chiller,York,YOR-CHI-523,SN778743395,2020-09-22,2020-10-10,11,4.8,Warning,73.4,High,303,Tons,364325,231843,Active,C,2024-12-09
AST00396,SJC01,AMER-West,Cooling,Stulz,STU-COO-761,SN904783396,2014-10-17,2014-11-09,10,10.7,Critical,41.0,High,189,Tons,80282,12042,Active,B,2025-06-13
AST00397,PHX01,AMER-West,UPS,Schneider,SCH-UPS-272,SN803814397,2018-01-25,2018-02-12,12,7.4,Warning,71.3,Low,1336,kVA,300294,145976,Standby,A,2025-06-25
AST00398,CHI01,AMER-East,Chiller,Daikin,DAI-CHI-607,SN440754398,2022-12-12,2023-02-01,11,2.5,Good,91.8,Medium,547,Tons,375095,304054,Active,A,2025-05-25
AST00399,PHX01,AMER-West,UPS,Eaton,EAT-UPS-753,SN195028399,2012-07-22,2012-08-30,12,12.9,Critical,29.0,Medium,1250,kVA,182493,27373,Active,B,2025-06-24
AST00400,ASH01,AMER-East,UPS,Schneider,SCH-UPS-140,SN302435400,2016-03-19,2016-03-27,12,9.3,Warning,61.1,Medium,1237,kVA,153095,54221,Active,B,2025-03-05
AST00401,MIA01,AMER-Central,UPS,Eaton,EAT-UPS-161,SN721424401,2018-10-04,2018-11-25,12,6.7,Warning,73.2,High,517,kVA,275378,147250,Active,B,2025-06-16
AST00402,PHX01,AMER-West,Cooling,Carrier,CAR-COO-675,SN522381402,2012-02-18,2012-04-12,10,13.4,Critical,42.1,Medium,334,Tons,114812,17221,Active,A,2025-06-26
AST00403,SJC01,AMER-West,Chiller,York,YOR-CHI-783,SN902720403,2013-09-10,2013-11-06,11,11.8,Critical,35.3,High,350,Tons,347208,52081,Active,A,2025-05-21
AST00404,ATL01,AMER-East,PDU,ABB,ABB-PDU-581,SN412023404,2012-11-24,2012-12-30,14,12.6,Critical,45.5,Medium,1181,Amps,134388,33597,Active,A,2025-05-02
AST00405,SEA01,AMER-West,PDU,Schneider,SCH-PDU-687,SN433997405,2010-12-09,2011-01-29,14,14.6,Critical,30.0,Medium,676,Amps,71649,10747,Active,B,2025-05-02
AST00406,SJC01,AMER-West,PDU,ABB,ABB-PDU-704,SN837685406,2023-06-17,2023-07-31,14,2.0,Good,87.3,Medium,682,Amps,134906,118845,Active,B,2025-05-07
AST00407,DAL01,AMER-Central,PDU,Eaton,EAT-PDU-231,SN773590407,2014-04-23,2014-05-04,14,11.2,Warning,67.5,High,497,Amps,76259,25419,Active,A,2025-06-05
AST00408,DAL01,AMER-Central,UPS,Schneider,SCH-UPS-505,SN655083408,2012-02-11,2012-03-31,12,13.4,Critical,43.8,High,828,kVA,101093,15163,Standby,B,2025-06-16
AST00409,ATL01,AMER-East,UPS,Schneider,SCH-UPS-460,SN798112409,2010-07-13,2010-07-25,12,15.0,Critical,29.8,High,1360,kVA,130197,19529,Active,C,2025-06-24
AST00410,LAX01,AMER-West,UPS,Schneider,SCH-UPS-764,SN257584410,2016-03-11,2016-03-27,12,9.3,Critical,45.1,High,511,kVA,225450,79846,Active,C,2025-06-04
AST00411,SEA01,AMER-West,UPS,Vertiv,VER-UPS-720,SN561552411,2019-06-14,2019-07-23,12,6.0,Warning,55.0,High,391,kVA,357554,208573,Active,A,2025-06-14
AST00412,DAL01,AMER-Central,Cooling,Trane,TRA-COO-848,SN818675412,2013-12-26,2014-02-17,10,11.5,Critical,26.0,Medium,220,Tons,151716,22757,Active,B,2025-04-19
AST00413,CHI01,AMER-East,UPS,Vertiv,VER-UPS-803,SN393481413,2015-09-28,2015-11-14,12,9.8,Warning,62.7,Medium,631,kVA,272024,86896,Active,B,2025-06-18
AST00414,NYC01,AMER-East,UPS,Schneider,SCH-UPS-652,SN492720414,2023-06-14,2023-07-12,12,2.0,Good,86.8,High,1068,kVA,112054,96490,Standby,B,2025-05-17
AST00415,SEA01,AMER-West,UPS,Schneider,SCH-UPS-432,SN414925415,2022-04-20,2022-06-08,12,3.2,Good,83.3,High,250,kVA,98210,76385,Active,B,2025-06-26
AST00416,ATL01,AMER-East,Cooling,Carrier,CAR-COO-683,SN702567416,2019-04-27,2019-06-23,10,6.2,Warning,66.7,Medium,188,Tons,199393,96373,Active,C,2025-03-14
AST00417,ASH01,AMER-East,UPS,Eaton,EAT-UPS-788,SN253262417,2022-08-21,2022-09-14,12,2.9,Good,92.4,High,1099,kVA,128211,102390,Active,B,2025-04-09
AST00418,TOR01,AMER-Central,UPS,Eaton,EAT-UPS-772,SN880926418,2012-09-16,2012-10-26,12,12.8,Critical,45.1,Medium,843,kVA,319010,47851,Standby,A,2025-05-25
AST00419,ATL01,AMER-East,UPS,Vertiv,VER-UPS-836,SN903147419,2014-11-10,2015-01-04,12,10.6,Warning,62.1,High,904,kVA,231130,60992,Standby,A,2025-06-09
AST00420,SEA01,AMER-West,Cooling,Stulz,STU-COO-365,SN961069420,2015-06-20,2015-07-12,10,10.0,Critical,41.6,Medium,130,Tons,141917,23652,Active,B,2025-04-03
AST00421,TOR01,AMER-Central,UPS,Vertiv,VER-UPS-613,SN986364421,2012-02-10,2012-03-23,12,13.4,Critical,34.3,Low,636,kVA,227103,34065,Active,B,2025-06-19
AST00422,PHX01,AMER-West,Generator,Cummins,CUM-GEN-395,SN909217422,2019-05-15,2019-06-05,15,6.1,Good,80.2,High,1267,kW,790370,522522,Active,B,2025-06-10
AST00423,DAL01,AMER-Central,Generator,Kohler,KOH-GEN-456,SN961396423,2016-04-01,2016-05-24,15,9.2,Good,85.0,Medium,2150,kW,923294,451388,Active,C,2025-01-05
AST00424,MIA01,AMER-Central,Chiller,Trane,TRA-CHI-604,SN107461424,2013-12-02,2014-01-03,11,11.6,Critical,38.6,Medium,426,Tons,268586,40287,Active,B,2025-06-21
AST00425,DAL01,AMER-Central,PDU,ABB,ABB-PDU-733,SN948925425,2017-04-12,2017-05-30,14,8.2,Warning,68.4,Medium,344,Amps,124003,63477,Active,A,2025-06-22
AST00426,PHX01,AMER-West,UPS,Eaton,EAT-UPS-946,SN416456426,2018-11-18,2018-12-15,12,6.6,Warning,64.1,Medium,609,kVA,105434,57110,Active,B,2025-03-28
AST00427,TOR01,AMER-Central,UPS,Vertiv,VER-UPS-479,SN841280427,2015-08-04,2015-09-01,12,9.9,Critical,52.7,High,928,kVA,158803,49625,Active,A,2025-06-15
AST00428,SJC01,AMER-West,Cooling,Stulz,STU-COO-932,SN848736428,2014-05-11,2014-07-01,10,11.1,Critical,38.4,Medium,227,Tons,182961,27444,Active,B,2025-06-07
AST00429,SJC01,AMER-West,PDU,ABB,ABB-PDU-578,SN980765429,2012-07-02,2012-07-17,14,13.0,Critical,39.0,Medium,966,Amps,56120,12693,Active,A,2025-06-21
AST00430,SJC01,AMER-West,UPS,Schneider,SCH-UPS-675,SN384996430,2015-01-04,2015-01-16,12,10.5,Warning,60.4,High,1179,kVA,298559,80859,Standby,A,2025-06-18
AST00431,ATL01,AMER-East,UPS,Schneider,SCH-UPS-130,SN279587431,2020-02-17,2020-04-10,12,5.4,Good,85.9,Medium,1086,kVA,240871,150544,Active,A,2025-06-23
AST00432,SJC01,AMER-West,PDU,Schneider,SCH-PDU-678,SN745194432,2011-03-19,2011-05-07,14,14.3,Warning,58.1,High,512,Amps,117127,17569,Active,A,2025-05-04
AST00433,ASH01,AMER-East,UPS,Schneider,SCH-UPS-224,SN215598433,2013-06-11,2013-08-07,12,12.1,Critical,33.3,Medium,791,kVA,274233,43801,Active,A,2025-05-24
AST00434,LAX01,AMER-West,Cooling,Carrier,CAR-COO-224,SN253124434,2015-12-10,2016-01-25,10,9.6,Critical,40.9,Medium,203,Tons,73036,14607,Standby,A,2025-06-22
AST00435,DAL01,AMER-Central,Cooling,Trane,TRA-COO-300,SN643088435,2018-08-25,2018-09-27,10,6.8,Warning,63.5,Medium,156,Tons,85538,37066,Active,A,2025-05-28
AST00436,DAL01,AMER-Central,Chiller,Trane,TRA-CHI-208,SN267647436,2015-04-21,2015-06-12,11,10.2,Critical,48.9,Medium,427,Tons,230659,52422,Active,A,2025-06-27
AST00437,CHI01,AMER-East,PDU,Eaton,EAT-PDU-773,SN632844437,2018-08-07,2018-09-02,14,6.9,Warning,74.2,Medium,970,Amps,50498,29757,Active,C,2025-06-20
AST00438,CHI01,AMER-East,UPS,Vertiv,VER-UPS-998,SN474313438,2016-07-18,2016-08-25,12,9.0,Critical,50.5,High,1382,kVA,277954,104232,Active,B,2025-05-08
AST00439,LAX01,AMER-West,Cooling,Stulz,STU-COO-632,SN567243439,2023-04-20,2023-05-05,10,2.2,Good,86.7,Medium,438,Tons,184619,150772,Active,A,2025-05-06
AST00440,ATL01,AMER-East,PDU,ABB,ABB-PDU-484,SN724219440,2014-03-03,2014-03-31,14,11.3,Critical,52.3,High,632,Amps,82772,27097,Active,B,2025-05-25
AST00441,MIA01,AMER-Central,Cooling,Stulz,STU-COO-608,SN942000441,2013-02-08,2013-03-19,10,12.4,Critical,28.1,High,331,Tons,122169,18325,Active,B,2025-06-26
AST00442,ASH01,AMER-East,UPS,Schneider,SCH-UPS-313,SN277912442,2015-11-22,2015-12-20,12,9.6,Warning,60.0,Medium,1011,kVA,174754,58251,Active,A,2025-06-01
AST00443,LAX01,AMER-West,UPS,Vertiv,VER-UPS-616,SN977200443,2021-08-31,2021-10-11,12,3.8,Good,77.7,Medium,413,kVA,296846,218511,Active,A,2025-02-04
AST00444,LAX01,AMER-West,Cooling,Trane,TRA-COO-216,SN912853444,2018-08-29,2018-10-17,10,6.8,Warning,65.8,High,126,Tons,141021,61109,Active,C,2025-04-18
AST00445,ASH01,AMER-East,UPS,Schneider,SCH-UPS-616,SN191088445,2020-03-21,2020-04-14,12,5.3,Good,78.0,Medium,807,kVA,250761,158467,Active,B,2025-06-16
AST00446,TOR01,AMER-Central,Cooling,Carrier,CAR-COO-246,SN989497446,2012-06-01,2012-07-23,10,13.1,Critical,39.4,Medium,187,Tons,103635,15545,Active,B,2025-05-18
AST00447,SJC01,AMER-West,Generator,Caterpillar,CAT-GEN-327,SN697093447,2023-07-31,2023-08-15,15,1.9,Good,79.6,Medium,2239,kW,544598,487112,Active,A,2025-04-10
AST00448,NYC01,AMER-East,Cooling,Trane,TRA-COO-814,SN244063448,2022-04-22,2022-06-16,10,3.2,Good,81.8,Medium,321,Tons,101304,74289,Active,B,2025-06-27
AST00449,LAX01,AMER-West,Generator,Caterpillar,CAT-GEN-850,SN283043449,2020-05-30,2020-06-10,15,5.1,Good,89.7,High,1364,kW,430575,308578,Active,B,2025-06-12
AST00450,LAX01,AMER-West,PDU,ABB,ABB-PDU-428,SN724455450,2017-01-02,2017-02-27,14,8.5,Warning,64.2,Medium,1090,Amps,53016,26192,Active,B,2025-06-24
AST00451,ASH01,AMER-East,PDU,Eaton,EAT-PDU-593,SN281948451,2016-07-12,2016-08-16,14,9.0,Critical,68.8,High,869,Amps,144441,67061,Retired,B,
AST00452,NYC01,AMER-East,Chiller,York,YOR-CHI-121,SN236917452,2016-12-02,2017-01-18,11,8.6,Critical,36.4,Medium,715,Tons,139337,48556,Retired,A,
AST00453,CHI01,AMER-East,PDU,ABB,ABB-PDU-293,SN767304453,2016-06-25,2016-07-23,14,9.0,Warning,57.8,High,845,Amps,103653,48124,Active,B,2025-04-16
AST00454,CHI01,AMER-East,Generator,Caterpillar,CAT-GEN-833,SN418766454,2021-05-15,2021-06-23,15,4.1,Good,75.3,Medium,1018,kW,552647,426766,Active,C,2025-05-10
AST00455,ATL01,AMER-East,UPS,Eaton,EAT-UPS-746,SN428768455,2017-10-12,2017-11-21,12,7.7,Warning,61.0,High,274,kVA,346910,161409,Standby,B,2025-06-25
AST00456,NYC01,AMER-East,UPS,Eaton,EAT-UPS-843,SN440615456,2021-08-07,2021-08-16,12,3.9,Good,88.1,Low,437,kVA,101390,73930,Active,A,2025-03-21
AST00457,ASH01,AMER-East,PDU,Schneider,SCH-PDU-203,SN849078457,2010-09-14,2010-09-27,14,14.8,Critical,44.3,Low,951,Amps,99189,14878,Retired,A,
AST00458,DAL01,AMER-Central,Generator,Caterpillar,CAT-GEN-457,SN906242458,2011-02-18,2011-03-02,15,14.4,Critical,54.7,Medium,1909,kW,837243,167448,Active,B,2025-04-20
AST00459,SJC01,AMER-West,Cooling,Carrier,CAR-COO-627,SN563937459,2021-01-27,2021-03-12,10,4.4,Good,76.0,Medium,224,Tons,124766,79018,Active,A,2025-06-24
AST00460,SEA01,AMER-West,Chiller,York,YOR-CHI-845,SN287771460,2021-08-28,2021-09-17,11,3.8,Good,85.3,Medium,507,Tons,356731,254035,Active,B,2025-06-06
AST00461,SJC01,AMER-West,Cooling,Stulz,STU-COO-607,SN613313461,2022-06-12,2022-07-25,10,3.0,Good,90.4,High,294,Tons,188853,141639,Active,A,2024-11-09
AST00462,DAL01,AMER-Central,Cooling,Stulz,STU-COO-993,SN335062462,2022-12-11,2023-01-11,10,2.6,Good,94.3,Medium,197,Tons,166084,130099,Active,C,2025-04-03
AST00463,SJC01,AMER-West,Chiller,York,YOR-CHI-769,SN222258463,2014-05-08,2014-07-04,11,11.1,Critical,45.7,Medium,462,Tons,398710,63431,Active,B,2025-06-10
AST00464,ATL01,AMER-East,Cooling,Stulz,STU-COO-663,SN649523464,2014-05-09,2014-06-14,10,11.1,Critical,47.4,Low,449,Tons,169859,25478,Active,A,2025-06-14
AST00465,ASH01,AMER-East,Cooling,Carrier,CAR-COO-129,SN745822465,2012-10-08,2012-10-16,10,12.7,Critical,25.0,High,284,Tons,136126,20418,Standby,A,2025-06-26
AST00466,SJC01,AMER-West,Generator,Cummins,CUM-GEN-730,SN859710466,2012-11-01,2012-11-19,15,12.7,Critical,46.3,High,1849,kW,484535,142668,Active,A,2025-03-26
AST00467,MIA01,AMER-Central,UPS,Vertiv,VER-UPS-660,SN976110467,2022-03-08,2022-04-12,12,3.3,Good,78.1,High,1267,kVA,337644,260267,Active,A,2025-05-22
AST00468,ATL01,AMER-East,Chiller,York,YOR-CHI-195,SN913349468,2014-12-15,2015-01-05,11,10.5,Critical,54.1,High,492,Tons,182551,37339,Active,A,2025-06-16
AST00469,SJC01,AMER-West,Generator,Caterpillar,CAT-GEN-988,SN941535469,2012-03-28,2012-04-30,15,13.3,Critical,36.7,High,1667,kW,648266,169269,Active,A,2025-06-28
AST00470,SEA01,AMER-West,Cooling,Carrier,CAR-COO-676,SN302346470,2022-12-12,2023-01-04,10,2.5,Good,83.2,High,216,Tons,201865,159809,Active,A,2025-06-06
AST00471,TOR01,AMER-Central,UPS,Schneider,SCH-UPS-918,SN191218471,2022-05-21,2022-07-13,12,3.1,Good,91.8,Medium,447,kVA,269767,211692,Active,A,2025-02-27
AST00472,DAL01,AMER-Central,Generator,Cummins,CUM-GEN-500,SN132441472,2019-07-25,2019-08-21,15,5.9,Good,79.4,High,3265,kW,896410,602586,Active,B,2025-06-05
AST00473,DAL01,AMER-Central,PDU,Eaton,EAT-PDU-112,SN916228473,2020-05-28,2020-07-04,14,5.1,Good,83.6,Medium,672,Amps,138635,96549,Active,A,2025-04-07
AST00474,LAX01,AMER-West,Generator,Kohler,KOH-GEN-892,SN961789474,2022-05-24,2022-06-06,15,3.1,Good,82.9,High,1532,kW,558355,462193,Active,A,2025-06-21
AST00475,SEA01,AMER-West,Generator,Cummins,CUM-GEN-403,SN573958475,2013-08-09,2013-09-10,15,11.9,Warning,55.4,Medium,2023,kW,760808,257829,Active,A,2025-06-27
AST00476,ASH01,AMER-East,Generator,Caterpillar,CAT-GEN-402,SN691343476,2013-10-10,2013-11-01,15,11.7,Critical,53.9,Medium,2997,kW,403106,141087,Active,B,2025-05-23
AST00477,NYC01,AMER-East,Generator,Cummins,CUM-GEN-130,SN836129477,2023-08-09,2023-08-29,15,1.9,Good,98.0,Medium,1648,kW,825096,738002,Active,C,2025-04-14
AST00478,SEA01,AMER-West,Cooling,Stulz,STU-COO-558,SN218581478,2018-11-12,2018-12-08,10,6.6,Warning,61.5,High,179,Tons,141396,63628,Active,B,2025-05-25
AST00479,CHI01,AMER-East,Cooling,Trane,TRA-COO-827,SN715175479,2015-02-22,2015-03-05,10,10.4,Critical,31.9,Medium,371,Tons,112377,16856,Active,A,2025-03-21
AST00480,DAL01,AMER-Central,PDU,Eaton,EAT-PDU-248,SN379067480,2012-07-28,2012-09-10,14,12.9,Warning,55.0,Medium,971,Amps,99336,23060,Active,B,2025-04-04
AST00481,SEA01,AMER-West,Generator,Caterpillar,CAT-GEN-153,SN549076481,2010-12-22,2011-02-08,15,14.5,Critical,53.8,Low,3100,kW,521225,101349,Standby,A,2025-06-15
AST00482,SJC01,AMER-West,PDU,Schneider,SCH-PDU-624,SN906564482,2022-09-28,2022-11-09,14,2.8,Good,92.6,High,1017,Amps,147797,123164,Active,B,2024-10-16
AST00483,TOR01,AMER-Central,PDU,Eaton,EAT-PDU-116,SN357803483,2011-11-06,2012-01-03,14,13.6,Critical,28.6,Medium,1033,Amps,69087,13159,Active,A,2025-04-26
AST00484,ASH01,AMER-East,Generator,Cummins,CUM-GEN-270,SN983096484,2022-09-11,2022-10-21,15,2.8,Good,88.4,Medium,2401,kW,503461,425144,Active,C,2025-06-16
AST00485,DAL01,AMER-Central,UPS,Vertiv,VER-UPS-786,SN438384485,2020-09-09,2020-10-23,12,4.8,Good,85.4,High,947,kVA,356010,237340,Active,C,2025-05-07
AST00486,CHI01,AMER-East,Generator,Caterpillar,CAT-GEN-781,SN695642486,2020-04-22,2020-06-12,15,5.2,Good,75.9,Medium,2697,kW,703332,500147,Active,A,2025-05-19
AST00487,LAX01,AMER-West,UPS,Eaton,EAT-UPS-855,SN161240487,2019-06-25,2019-07-11,12,6.0,Warning,73.2,Medium,969,kVA,276740,161431,Active,A,2025-05-11
AST00488,NYC01,AMER-East,Cooling,Trane,TRA-COO-746,SN549763488,2022-07-16,2022-09-05,10,3.0,Good,94.3,High,386,Tons,181895,136421,Active,B,2025-05-04
AST00489,ASH01,AMER-East,Cooling,Trane,TRA-COO-603,SN373452489,2022-02-13,2022-03-11,10,3.4,Good,83.9,High,138,Tons,155306,111302,Active,A,2025-02-09
AST00490,ASH01,AMER-East,PDU,ABB,ABB-PDU-588,SN626492490,2020-12-10,2021-01-17,14,4.6,Good,90.0,High,561,Amps,97428,70751,Active,B,2025-06-09
AST00491,LAX01,AMER-West,PDU,ABB,ABB-PDU-615,SN212217491,2013-01-07,2013-02-20,14,12.5,Critical,52.1,High,542,Amps,143934,36840,Active,B,2025-06-21
AST00492,DAL01,AMER-Central,Generator,Caterpillar,CAT-GEN-923,SN602367492,2020-03-05,2020-03-29,15,5.3,Good,77.5,High,1433,kW,537354,379133,Active,C,2025-02-04
AST00493,ASH01,AMER-East,PDU,ABB,ABB-PDU-670,SN277241493,2020-08-07,2020-09-24,14,4.9,Good,79.3,Medium,511,Amps,122240,86586,Active,C,2025-01-18
AST00494,ATL01,AMER-East,Cooling,Stulz,STU-COO-124,SN408617494,2010-01-26,2010-03-16,10,15.4,Critical,25.0,High,418,Tons,171956,25793,Active,A,2025-06-18
AST00495,MIA01,AMER-Central,PDU,Eaton,EAT-PDU-962,SN349243495,2020-04-22,2020-05-07,14,5.2,Good,85.9,High,640,Amps,110344,76189,Active,A,2025-06-10
AST00496,DEN01,AMER-Central,Generator,Caterpillar,CAT-GEN-786,SN123091496,2012-12-08,2013-01-19,15,12.6,Critical,54.2,Medium,1215,kW,828277,248483,Active,A,2025-06-21
AST00497,CHI01,AMER-East,Chiller,York,YOR-CHI-785,SN922513497,2014-09-20,2014-10-20,11,10.8,Critical,41.1,Medium,154,Tons,388083,70560,Standby,B,2025-06-25
AST00498,CHI01,AMER-East,UPS,Eaton,EAT-UPS-665,SN593216498,2016-04-14,2016-06-07,12,9.2,Warning,58.3,High,671,kVA,174703,63087,Active,C,2025-05-07
AST00499,SJC01,AMER-West,Cooling,Trane,TRA-COO-545,SN925553499,2019-12-24,2020-01-11,10,5.5,Warning,74.3,High,281,Tons,108309,58667,Active,A,2025-06-18
AST00500,TOR01,AMER-Central,Generator,Cummins,CUM-GEN-322,SN953725500,2015-04-17,2015-04-24,15,10.2,Warning,63.9,Low,1989,kW,847815,367386,Active,B,2025-05-09
AST00501,ATL01,AMER-East,Cooling,Trane,TRA-COO-820,SN565226501,2019-08-01,2019-08-18,10,5.9,Warning,69.7,High,129,Tons,173042,87963,Active,B,2025-05-21
AST00502,DAL01,AMER-Central,UPS,Vertiv,VER-UPS-767,SN865419502,2023-07-30,2023-08-09,12,1.9,Good,96.1,Medium,521,kVA,149234,129543,Active,A,2025-02-25
AST00503,DAL01,AMER-Central,Cooling,Trane,TRA-COO-238,SN950193503,2013-06-29,2013-07-22,10,12.0,Critical,34.3,High,390,Tons,188749,28312,Standby,A,2025-06-17
AST00504,CHI01,AMER-East,UPS,Eaton,EAT-UPS-253,SN228389504,2012-06-04,2012-06-12,12,13.1,Critical,42.3,Low,869,kVA,355786,53367,Standby,A,2025-06-28
AST00505,DAL01,AMER-Central,UPS,Eaton,EAT-UPS-947,SN155745505,2019-05-19,2019-06-26,12,6.1,Warning,66.2,Medium,769,kVA,306204,176492,Active,C,2025-05-22
AST00506,TOR01,AMER-Central,UPS,Schneider,SCH-UPS-107,SN700541506,2016-08-06,2016-09-11,12,8.9,Warning,70.3,Low,744,kVA,183783,70194,Active,B,2025-05-10
AST00507,ASH01,AMER-East,Chiller,Daikin,DAI-CHI-236,SN970820507,2017-09-02,2017-09-16,11,7.8,Warning,61.0,Medium,697,Tons,259227,106047,Active,B,2025-06-25
AST00508,TOR01,AMER-Central,Generator,Caterpillar,CAT-GEN-255,SN792137508,2019-10-24,2019-12-10,15,5.7,Good,90.0,Medium,2751,kW,867515,592801,Active,B,2025-03-23
AST00509,ASH01,AMER-East,Cooling,Carrier,CAR-COO-702,SN782773509,2023-08-08,2023-09-18,10,1.9,Good,92.8,Medium,234,Tons,148596,125068,Active,B,2025-06-04
AST00510,NYC01,AMER-East,UPS,Vertiv,VER-UPS-109,SN168323510,2013-04-11,2013-04-24,12,12.2,Critical,49.1,Medium,916,kVA,145841,22281,Active,B,2025-06-25
AST00511,SJC01,AMER-West,UPS,Schneider,SCH-UPS-728,SN732413511,2015-12-17,2016-01-25,12,9.5,Critical,47.0,High,967,kVA,135740,46189,Active,A,2025-06-24
AST00512,CHI01,AMER-East,Generator,Cummins,CUM-GEN-960,SN568947512,2010-04-26,2010-06-22,15,15.2,Critical,33.0,High,2105,kW,868099,135037,Active,B,2025-06-17
AST00513,TOR01,AMER-Central,UPS,Vertiv,VER-UPS-976,SN130099513,2018-03-28,2018-05-23,12,7.3,Warning,61.6,Medium,564,kVA,208474,102789,Active,A,2025-04-26
AST00514,CHI01,AMER-East,PDU,ABB,ABB-PDU-204,SN867876514,2012-11-30,2012-12-05,14,12.6,Critical,46.3,Medium,503,Amps,109503,27375,Active,B,2025-06-20
AST00515,ASH01,AMER-East,PDU,Schneider,SCH-PDU-355,SN489770515,2014-11-08,2015-01-02,14,10.6,Warning,55.8,Medium,810,Amps,67626,24957,Active,B,2025-05-07
AST00516,NYC01,AMER-East,Chiller,York,YOR-CHI-381,SN357906516,2017-03-20,2017-04-12,11,8.3,Critical,48.3,Low,258,Tons,219003,81296,Active,C,2025-05-13
AST00517,DAL01,AMER-Central,UPS,Vertiv,VER-UPS-973,SN410001517,2015-08-01,2015-09-26,12,9.9,Warning,64.5,High,1382,kVA,347927,108727,Active,A,2025-06-10
AST00518,ASH01,AMER-East,PDU,Eaton,EAT-PDU-246,SN325391518,2013-10-23,2013-12-05,14,11.7,Critical,51.2,High,1073,Amps,138688,42101,Active,B,2025-06-15
AST00519,PHX01,AMER-West,Chiller,York,YOR-CHI-379,SN471994519,2022-07-07,2022-08-20,11,3.0,Warning,66.8,Medium,338,Tons,397667,307288,Active,A,2025-06-27
AST00520,ASH01,AMER-East,Generator,Kohler,KOH-GEN-635,SN571017520,2019-11-17,2019-11-25,15,5.6,Good,80.9,Medium,1289,kW,927096,638666,Active,B,2025-04-21
AST00521,ASH01,AMER-East,Chiller,York,YOR-CHI-378,SN537100521,2016-10-16,2016-10-25,11,8.7,Critical,44.0,High,403,Tons,419188,142905,Active,B,2025-06-09
AST00522,SJC01,AMER-West,UPS,Vertiv,VER-UPS-924,SN525468522,2023-01-29,2023-03-28,12,2.4,Good,91.2,High,929,kVA,309526,257938,Active,A,2025-06-26
AST00523,NYC01,AMER-East,Cooling,Trane,TRA-COO-790,SN714741523,2018-08-23,2018-10-13,10,6.9,Critical,54.8,High,411,Tons,160742,68315,Active,A,2025-06-18
AST00524,PHX01,AMER-West,Cooling,Stulz,STU-COO-850,SN840520524,2022-05-13,2022-05-22,10,3.1,Good,77.7,Medium,422,Tons,116001,86034,Active,B,2025-06-08
AST00525,ASH01,AMER-East,UPS,Eaton,EAT-UPS-284,SN492573525,2010-11-02,2010-12-24,12,14.7,Critical,26.6,High,1320,kVA,317189,47578,Retired,C,
AST00526,DAL01,AMER-Central,Chiller,Daikin,DAI-CHI-650,SN226479526,2020-06-08,2020-07-04,11,5.1,Warning,68.0,High,362,Tons,384852,236159,Active,B,2025-06-13
AST00527,ATL01,AMER-East,Cooling,Carrier,CAR-COO-898,SN819785527,2015-06-15,2015-06-29,10,10.0,Critical,40.8,Medium,111,Tons,167842,27973,Active,B,2025-06-23
AST00528,SEA01,AMER-West,Generator,Cummins,CUM-GEN-620,SN305776528,2021-11-28,2021-12-13,15,3.6,Critical,88.4,High,1009,kW,872656,698124,Retired,C,
AST00529,ATL01,AMER-East,Cooling,Trane,TRA-COO-734,SN242180529,2020-09-12,2020-10-24,10,4.8,Warning,74.6,Low,320,Tons,198682,119209,Active,A,2025-06-12
AST00530,NYC01,AMER-East,PDU,ABB,ABB-PDU-180,SN372872530,2020-08-11,2020-09-08,14,4.9,Critical,84.2,High,253,Amps,130774,92631,Retired,A,
AST00531,LAX01,AMER-West,Chiller,Trane,TRA-CHI-506,SN637977531,2019-07-27,2019-09-08,11,5.9,Good,76.2,High,658,Tons,221968,122755,Active,A,2025-06-09
AST00532,CHI01,AMER-East,Cooling,Stulz,STU-COO-862,SN690504532,2019-07-22,2019-08-24,10,5.9,Warning,67.0,Medium,152,Tons,86644,44044,Standby,A,2024-11-06
AST00533,DAL01,AMER-Central,UPS,Eaton,EAT-UPS-175,SN773647533,2022-10-22,2022-12-12,12,2.7,Good,90.7,Medium,358,kVA,274384,222937,Active,A,2024-12-23
AST00534,DEN01,AMER-Central,PDU,Schneider,SCH-PDU-573,SN931246534,2020-09-25,2020-11-04,14,4.8,Good,86.6,Medium,1013,Amps,78919,56370,Active,A,2025-03-01
AST00535,ASH01,AMER-East,UPS,Schneider,SCH-UPS-827,SN259034535,2011-01-04,2011-02-06,12,14.5,Critical,33.1,High,1151,kVA,277256,41588,Active,B,2025-06-08
AST00536,MIA01,AMER-Central,UPS,Schneider,SCH-UPS-267,SN765938536,2012-09-19,2012-11-15,12,12.8,Critical,44.5,High,442,kVA,332188,49828,Active,B,2025-05-26
AST00537,ASH01,AMER-East,Generator,Kohler,KOH-GEN-188,SN300339537,2015-01-30,2015-03-06,15,10.4,Warning,64.8,Low,1451,kW,405355,171149,Active,C,2025-06-13
AST00538,DEN01,AMER-Central,Chiller,Trane,TRA-CHI-613,SN427031538,2018-10-28,2018-11-23,11,6.7,Warning,64.4,Medium,462,Tons,337060,165976,Active,C,2025-04-25
AST00539,ASH01,AMER-East,UPS,Schneider,SCH-UPS-550,SN505105539,2023-07-07,2023-07-27,12,2.0,Good,95.6,Low,1264,kVA,196464,169177,Active,B,2025-06-24
AST00540,DAL01,AMER-Central,Chiller,Daikin,DAI-CHI-111,SN250653540,2010-04-23,2010-06-19,11,15.2,Critical,25.0,High,480,Tons,212036,31805,Active,C,2025-04-19
