year_month,site_code,region,cost_center,spend_category,budget_usd,actual_spend_usd,variance_usd,variance_pct,vendor_name,po_number
2024-01,ASH01,AMER-East,OPS-FAC,Maintenance Opex,240635,227166,-13469,-5.6,FacilityPro,PO100001
2024-01,ASH01,AMER-East,OPS-DC,Power Opex,463884,473092,9208,1.98,EcoCool,PO100002
2024-01,ASH01,AMER-East,OPS-DC,Capex Replacement,364734,342715,-22019,-6.04,DataVolt,PO100003
2024-01,ASH01,AMER-East,OPS-FAC,Vendor Services,53689,53748,59,0.11,PowerGrid Mechanical,PO100004
2024-01,ATL01,AMER-East,FIN-CAPEX,Maintenance Opex,165554,176233,10679,6.45,PowerGrid Mechanical,PO100005
2024-01,ATL01,AMER-East,OPS-DC,Power Opex,108699,109509,810,0.75,FacilityPro,PO100006
2024-01,ATL01,AMER-East,FIN-CAPEX,Capex Replacement,256026,276526,20500,8.01,PowerGrid Mechanical,PO100007
2024-01,ATL01,AMER-East,ENG-SVC,Vendor Services,48990,48238,-752,-1.54,CBRE Ops,PO100008
2024-01,CHI01,AMER-East,OPS-FAC,Maintenance Opex,137352,138981,1629,1.19,CBRE Ops,PO100009
2024-01,CHI01,AMER-East,FIN-CAPEX,Power Opex,200828,209120,8292,4.13,ABB Services,PO100010
2024-01,CHI01,AMER-East,OPS-FAC,Capex Replacement,223459,220735,-2724,-1.22,PowerGrid Mechanical,PO100011
2024-01,CHI01,AMER-East,OPS-DC,Vendor Services,36190,37901,1711,4.73,DataVolt,PO100012
2024-01,DAL01,AMER-Central,OPS-DC,Maintenance Opex,375692,346266,-29426,-7.83,Vertiv Services,PO100013
2024-01,DAL01,AMER-Central,ENG-SVC,Power Opex,378410,349839,-28571,-7.55,CBRE Ops,PO100014
2024-01,DAL01,AMER-Central,FIN-CAPEX,Capex Replacement,571701,577832,6131,1.07,FacilityPro,PO100015
2024-01,DAL01,AMER-Central,ENG-SVC,Vendor Services,110063,122558,12495,11.35,EcoCool,PO100016
2024-01,DEN01,AMER-Central,OPS-DC,Maintenance Opex,64619,62694,-1925,-2.98,FacilityPro,PO100017
2024-01,DEN01,AMER-Central,OPS-DC,Power Opex,80282,83614,3332,4.15,FacilityPro,PO100018
2024-01,DEN01,AMER-Central,ENG-SVC,Capex Replacement,47564,46915,-649,-1.36,ABB Services,PO100019
2024-01,DEN01,AMER-Central,OPS-DC,Vendor Services,12026,13098,1072,8.91,EcoCool,PO100020
2024-01,LAX01,AMER-West,OPS-DC,Maintenance Opex,124232,140866,16634,13.39,FacilityPro,PO100021
2024-01,LAX01,AMER-West,OPS-FAC,Power Opex,206292,221302,15010,7.28,Schneider Services,PO100022
2024-01,LAX01,AMER-West,OPS-DC,Capex Replacement,208603,202051,-6552,-3.14,DataVolt,PO100023
2024-01,LAX01,AMER-West,ENG-SVC,Vendor Services,23337,23795,458,1.96,FacilityPro,PO100024
2024-01,MIA01,AMER-Central,OPS-DC,Maintenance Opex,40806,47230,6424,15.74,DataVolt,PO100025
2024-01,MIA01,AMER-Central,OPS-DC,Power Opex,95778,96270,492,0.51,DataVolt,PO100026
2024-01,MIA01,AMER-Central,OPS-FAC,Capex Replacement,61648,64723,3075,4.99,DataVolt,PO100027
2024-01,MIA01,AMER-Central,FIN-CAPEX,Vendor Services,15962,15891,-71,-0.44,ABB Services,PO100028
2024-01,NYC01,AMER-East,ENG-SVC,Maintenance Opex,156992,162761,5769,3.67,FacilityPro,PO100029
2024-01,NYC01,AMER-East,FIN-CAPEX,Power Opex,192150,215704,23554,12.26,DataVolt,PO100030
2024-01,NYC01,AMER-East,OPS-FAC,Capex Replacement,198730,186967,-11763,-5.92,DataVolt,PO100031
2024-01,NYC01,AMER-East,FIN-CAPEX,Vendor Services,32879,36784,3905,11.88,Schneider Services,PO100032
2024-01,PHX01,AMER-West,ENG-SVC,Maintenance Opex,95075,98052,2977,3.13,Schneider Services,PO100033
2024-01,PHX01,AMER-West,FIN-CAPEX,Power Opex,109492,110781,1289,1.18,EcoCool,PO100034
2024-01,PHX01,AMER-West,OPS-DC,Capex Replacement,86356,94847,8491,9.83,ABB Services,PO100035
2024-01,PHX01,AMER-West,FIN-CAPEX,Vendor Services,33451,32708,-743,-2.22,EcoCool,PO100036
2024-01,SEA01,AMER-West,ENG-SVC,Maintenance Opex,122579,120734,-1845,-1.51,ABB Services,PO100037
2024-01,SEA01,AMER-West,FIN-CAPEX,Power Opex,94514,103024,8510,9.0,EcoCool,PO100038
2024-01,SEA01,AMER-West,OPS-FAC,Capex Replacement,146309,137910,-8399,-5.74,Schneider Services,PO100039
2024-01,SEA01,AMER-West,OPS-DC,Vendor Services,20220,19469,-751,-3.71,DataVolt,PO100040
2024-01,SJC01,AMER-West,OPS-FAC,Maintenance Opex,253868,294145,40277,15.87,ABB Services,PO100041
2024-01,SJC01,AMER-West,OPS-DC,Power Opex,357853,379171,21318,5.96,EcoCool,PO100042
2024-01,SJC01,AMER-West,OPS-DC,Capex Replacement,329354,315965,-13389,-4.07,Vertiv Services,PO100043
2024-01,SJC01,AMER-West,OPS-DC,Vendor Services,54025,60425,6400,11.85,FacilityPro,PO100044
2024-01,TOR01,AMER-Central,OPS-FAC,Maintenance Opex,142641,163581,20940,14.68,DataVolt,PO100045
2024-01,TOR01,AMER-Central,OPS-DC,Power Opex,146631,162593,15962,10.89,Vertiv Services,PO100046
2024-01,TOR01,AMER-Central,OPS-FAC,Capex Replacement,185046,197983,12937,6.99,PowerGrid Mechanical,PO100047
2024-01,TOR01,AMER-Central,OPS-DC,Vendor Services,30994,31173,179,0.58,EcoCool,PO100048
2024-02,ASH01,AMER-East,OPS-DC,Maintenance Opex,273227,281497,8270,3.03,Vertiv Services,PO100049
2024-02,ASH01,AMER-East,FIN-CAPEX,Power Opex,566995,527033,-39962,-7.05,FacilityPro,PO100050
2024-02,ASH01,AMER-East,FIN-CAPEX,Capex Replacement,360495,395003,34508,9.57,Schneider Services,PO100051
2024-02,ASH01,AMER-East,OPS-FAC,Vendor Services,100150,95175,-4975,-4.97,CBRE Ops,PO100052
2024-02,ATL01,AMER-East,OPS-DC,Maintenance Opex,75612,82636,7024,9.29,FacilityPro,PO100053
2024-02,ATL01,AMER-East,ENG-SVC,Power Opex,109324,119562,10238,9.36,Vertiv Services,PO100054
2024-02,ATL01,AMER-East,OPS-DC,Capex Replacement,129681,131926,2245,1.73,DataVolt,PO100055
2024-02,ATL01,AMER-East,OPS-DC,Vendor Services,29518,27420,-2098,-7.11,PowerGrid Mechanical,PO100056
2024-02,CHI01,AMER-East,OPS-DC,Maintenance Opex,177467,172469,-4998,-2.82,ABB Services,PO100057
2024-02,CHI01,AMER-East,OPS-DC,Power Opex,222797,232041,9244,4.15,ABB Services,PO100058
2024-02,CHI01,AMER-East,OPS-DC,Capex Replacement,279361,273673,-5688,-2.04,EcoCool,PO100059
2024-02,CHI01,AMER-East,OPS-DC,Vendor Services,56685,56372,-313,-0.55,Schneider Services,PO100060
2024-02,DAL01,AMER-Central,ENG-SVC,Maintenance Opex,245507,226448,-19059,-7.76,Schneider Services,PO100061
2024-02,DAL01,AMER-Central,OPS-DC,Power Opex,399905,374151,-25754,-6.44,Vertiv Services,PO100062
2024-02,DAL01,AMER-Central,OPS-DC,Capex Replacement,342810,346582,3772,1.1,Schneider Services,PO100063
2024-02,DAL01,AMER-Central,OPS-DC,Vendor Services,84362,83113,-1249,-1.48,PowerGrid Mechanical,PO100064
2024-02,DEN01,AMER-Central,OPS-DC,Maintenance Opex,60572,59347,-1225,-2.02,Vertiv Services,PO100065
2024-02,DEN01,AMER-Central,OPS-DC,Power Opex,102275,101851,-424,-0.41,DataVolt,PO100066
2024-02,DEN01,AMER-Central,OPS-FAC,Capex Replacement,42757,48544,5787,13.53,CBRE Ops,PO100067
2024-02,DEN01,AMER-Central,OPS-DC,Vendor Services,14275,14403,128,0.9,CBRE Ops,PO100068
2024-02,LAX01,AMER-West,OPS-FAC,Maintenance Opex,105261,99044,-6217,-5.91,ABB Services,PO100069
2024-02,LAX01,AMER-West,FIN-CAPEX,Power Opex,219498,229292,9794,4.46,Schneider Services,PO100070
2024-02,LAX01,AMER-West,OPS-DC,Capex Replacement,164029,158366,-5663,-3.45,FacilityPro,PO100071
2024-02,LAX01,AMER-West,FIN-CAPEX,Vendor Services,22120,20620,-1500,-6.78,Vertiv Services,PO100072
2024-02,MIA01,AMER-Central,OPS-DC,Maintenance Opex,59687,65766,6079,10.18,Vertiv Services,PO100073
2024-02,MIA01,AMER-Central,ENG-SVC,Power Opex,104754,113460,8706,8.31,Schneider Services,PO100074
2024-02,MIA01,AMER-Central,OPS-DC,Capex Replacement,86493,94470,7977,9.22,FacilityPro,PO100075
2024-02,MIA01,AMER-Central,OPS-DC,Vendor Services,19301,19017,-284,-1.47,ABB Services,PO100076
2024-02,NYC01,AMER-East,OPS-DC,Maintenance Opex,95883,95488,-395,-0.41,Vertiv Services,PO100077
2024-02,NYC01,AMER-East,OPS-FAC,Power Opex,166333,185600,19267,11.58,DataVolt,PO100078
2024-02,NYC01,AMER-East,OPS-DC,Capex Replacement,139706,157275,17569,12.58,PowerGrid Mechanical,PO100079
2024-02,NYC01,AMER-East,FIN-CAPEX,Vendor Services,28647,30446,1799,6.28,EcoCool,PO100080
2024-02,PHX01,AMER-West,OPS-DC,Maintenance Opex,69601,74804,5203,7.48,Schneider Services,PO100081
2024-02,PHX01,AMER-West,ENG-SVC,Power Opex,104795,99767,-5028,-4.8,FacilityPro,PO100082
2024-02,PHX01,AMER-West,OPS-FAC,Capex Replacement,57099,60443,3344,5.86,Vertiv Services,PO100083
2024-02,PHX01,AMER-West,OPS-DC,Vendor Services,20283,20254,-29,-0.14,Vertiv Services,PO100084
2024-02,SEA01,AMER-West,OPS-DC,Maintenance Opex,104689,113600,8911,8.51,ABB Services,PO100085
2024-02,SEA01,AMER-West,ENG-SVC,Power Opex,104694,108729,4035,3.85,PowerGrid Mechanical,PO100086
2024-02,SEA01,AMER-West,OPS-FAC,Capex Replacement,122896,130237,7341,5.97,EcoCool,PO100087
2024-02,SEA01,AMER-West,OPS-DC,Vendor Services,28083,27629,-454,-1.62,PowerGrid Mechanical,PO100088
2024-02,SJC01,AMER-West,ENG-SVC,Maintenance Opex,277061,310073,33012,11.92,EcoCool,PO100089
2024-02,SJC01,AMER-West,FIN-CAPEX,Power Opex,402224,395725,-6499,-1.62,ABB Services,PO100090
2024-02,SJC01,AMER-West,FIN-CAPEX,Capex Replacement,527469,586943,59474,11.28,FacilityPro,PO100091
2024-02,SJC01,AMER-West,OPS-DC,Vendor Services,79682,80911,1229,1.54,ABB Services,PO100092
2024-02,TOR01,AMER-Central,ENG-SVC,Maintenance Opex,102979,116716,13737,13.34,DataVolt,PO100093
2024-02,TOR01,AMER-Central,OPS-DC,Power Opex,148496,155931,7435,5.01,FacilityPro,PO100094
2024-02,TOR01,AMER-Central,OPS-DC,Capex Replacement,89907,87622,-2285,-2.54,FacilityPro,PO100095
2024-02,TOR01,AMER-Central,OPS-DC,Vendor Services,22344,23350,1006,4.5,CBRE Ops,PO100096
2024-03,ASH01,AMER-East,FIN-CAPEX,Maintenance Opex,191115,208956,17841,9.34,DataVolt,PO100097
2024-03,ASH01,AMER-East,OPS-DC,Power Opex,530946,494823,-36123,-6.8,CBRE Ops,PO100098
2024-03,ASH01,AMER-East,FIN-CAPEX,Capex Replacement,352425,360324,7899,2.24,PowerGrid Mechanical,PO100099
2024-03,ASH01,AMER-East,OPS-DC,Vendor Services,27606,31799,4193,15.19,ABB Services,PO100100
2024-03,ATL01,AMER-East,OPS-FAC,Maintenance Opex,128013,127388,-625,-0.49,CBRE Ops,PO100101
2024-03,ATL01,AMER-East,OPS-DC,Power Opex,97285,109027,11742,12.07,Vertiv Services,PO100102
2024-03,ATL01,AMER-East,FIN-CAPEX,Capex Replacement,193041,197735,4694,2.43,EcoCool,PO100103
2024-03,ATL01,AMER-East,OPS-FAC,Vendor Services,47782,43996,-3786,-7.92,EcoCool,PO100104
2024-03,CHI01,AMER-East,ENG-SVC,Maintenance Opex,232004,237958,5954,2.57,DataVolt,PO100105
2024-03,CHI01,AMER-East,OPS-DC,Power Opex,222214,249135,26921,12.11,FacilityPro,PO100106
2024-03,CHI01,AMER-East,ENG-SVC,Capex Replacement,380710,366435,-14275,-3.75,PowerGrid Mechanical,PO100107
2024-03,CHI01,AMER-East,FIN-CAPEX,Vendor Services,34369,35952,1583,4.61,PowerGrid Mechanical,PO100108
2024-03,DAL01,AMER-Central,OPS-DC,Maintenance Opex,311243,347818,36575,11.75,FacilityPro,PO100109
2024-03,DAL01,AMER-Central,OPS-DC,Power Opex,435266,403497,-31769,-7.3,PowerGrid Mechanical,PO100110
2024-03,DAL01,AMER-Central,OPS-DC,Capex Replacement,584219,609271,25052,4.29,DataVolt,PO100111
2024-03,DAL01,AMER-Central,OPS-FAC,Vendor Services,59887,68859,8972,14.98,CBRE Ops,PO100112
2024-03,DEN01,AMER-Central,OPS-DC,Maintenance Opex,64609,61382,-3227,-4.99,Schneider Services,PO100113
2024-03,DEN01,AMER-Central,OPS-DC,Power Opex,116745,111077,-5668,-4.86,FacilityPro,PO100114
2024-03,DEN01,AMER-Central,FIN-CAPEX,Capex Replacement,55378,63962,8584,15.5,Schneider Services,PO100115
2024-03,DEN01,AMER-Central,OPS-FAC,Vendor Services,16237,18370,2133,13.14,Vertiv Services,PO100116
2024-03,LAX01,AMER-West,OPS-DC,Maintenance Opex,183757,201748,17991,9.79,EcoCool,PO100117
2024-03,LAX01,AMER-West,OPS-DC,Power Opex,187870,180883,-6987,-3.72,FacilityPro,PO100118
2024-03,LAX01,AMER-West,OPS-FAC,Capex Replacement,161341,167255,5914,3.67,CBRE Ops,PO100119
2024-03,LAX01,AMER-West,OPS-DC,Vendor Services,73806,74213,407,0.55,PowerGrid Mechanical,PO100120
2024-03,MIA01,AMER-Central,OPS-DC,Maintenance Opex,76106,71303,-4803,-6.31,EcoCool,PO100121
2024-03,MIA01,AMER-Central,ENG-SVC,Power Opex,112300,112321,21,0.02,Schneider Services,PO100122
2024-03,MIA01,AMER-Central,OPS-FAC,Capex Replacement,131547,129289,-2258,-1.72,Schneider Services,PO100123
2024-03,MIA01,AMER-Central,OPS-FAC,Vendor Services,26628,25117,-1511,-5.67,CBRE Ops,PO100124
2024-03,NYC01,AMER-East,FIN-CAPEX,Maintenance Opex,148189,154421,6232,4.21,EcoCool,PO100125
2024-03,NYC01,AMER-East,OPS-DC,Power Opex,199553,199425,-128,-0.06,ABB Services,PO100126
2024-03,NYC01,AMER-East,OPS-FAC,Capex Replacement,160103,171722,11619,7.26,DataVolt,PO100127
2024-03,NYC01,AMER-East,ENG-SVC,Vendor Services,41327,47108,5781,13.99,DataVolt,PO100128
2024-03,PHX01,AMER-West,OPS-FAC,Maintenance Opex,47065,49595,2530,5.38,FacilityPro,PO100129
2024-03,PHX01,AMER-West,OPS-DC,Power Opex,130483,121521,-8962,-6.87,ABB Services,PO100130
2024-03,PHX01,AMER-West,OPS-DC,Capex Replacement,25602,29549,3947,15.42,PowerGrid Mechanical,PO100131
2024-03,PHX01,AMER-West,OPS-FAC,Vendor Services,11469,12041,572,4.99,ABB Services,PO100132
2024-03,SEA01,AMER-West,OPS-DC,Maintenance Opex,94446,109231,14785,15.65,ABB Services,PO100133
2024-03,SEA01,AMER-West,OPS-DC,Power Opex,79658,90637,10979,13.78,Vertiv Services,PO100134
2024-03,SEA01,AMER-West,FIN-CAPEX,Capex Replacement,135569,124938,-10631,-7.84,CBRE Ops,PO100135
2024-03,SEA01,AMER-West,OPS-FAC,Vendor Services,28920,32159,3239,11.2,ABB Services,PO100136
2024-03,SJC01,AMER-West,OPS-FAC,Maintenance Opex,198848,216636,17788,8.95,FacilityPro,PO100137
2024-03,SJC01,AMER-West,OPS-DC,Power Opex,458581,469060,10479,2.29,PowerGrid Mechanical,PO100138
2024-03,SJC01,AMER-West,OPS-DC,Capex Replacement,420408,416315,-4093,-0.97,Schneider Services,PO100139
2024-03,SJC01,AMER-West,OPS-FAC,Vendor Services,48125,51383,3258,6.77,Vertiv Services,PO100140
2024-03,TOR01,AMER-Central,FIN-CAPEX,Maintenance Opex,156190,161499,5309,3.4,CBRE Ops,PO100141
2024-03,TOR01,AMER-Central,ENG-SVC,Power Opex,144936,159891,14955,10.32,FacilityPro,PO100142
2024-03,TOR01,AMER-Central,ENG-SVC,Capex Replacement,188571,207839,19268,10.22,ABB Services,PO100143
2024-03,TOR01,AMER-Central,OPS-DC,Vendor Services,47122,53020,5898,12.52,FacilityPro,PO100144
2024-04,ASH01,AMER-East,OPS-FAC,Maintenance Opex,245780,282085,36305,14.77,FacilityPro,PO100145
2024-04,ASH01,AMER-East,OPS-DC,Power Opex,384902,423718,38816,10.08,ABB Services,PO100146
2024-04,ASH01,AMER-East,OPS-FAC,Capex Replacement,285013,288865,3852,1.35,CBRE Ops,PO100147
2024-04,ASH01,AMER-East,FIN-CAPEX,Vendor Services,65739,76153,10414,15.84,PowerGrid Mechanical,PO100148
2024-04,ATL01,AMER-East,ENG-SVC,Maintenance Opex,125044,143103,18059,14.44,Vertiv Services,PO100149
2024-04,ATL01,AMER-East,OPS-DC,Power Opex,104708,118200,13492,12.89,Schneider Services,PO100150
2024-04,ATL01,AMER-East,OPS-DC,Capex Replacement,224185,227726,3541,1.58,Vertiv Services,PO100151
2024-04,ATL01,AMER-East,OPS-DC,Vendor Services,37288,41514,4226,11.33,Schneider Services,PO100152
2024-04,CHI01,AMER-East,ENG-SVC,Maintenance Opex,119646,130630,10984,9.18,CBRE Ops,PO100153
2024-04,CHI01,AMER-East,OPS-FAC,Power Opex,216283,207476,-8807,-4.07,EcoCool,PO100154
2024-04,CHI01,AMER-East,OPS-DC,Capex Replacement,206133,190583,-15550,-7.54,Schneider Services,PO100155
2024-04,CHI01,AMER-East,ENG-SVC,Vendor Services,32904,36700,3796,11.54,PowerGrid Mechanical,PO100156
2024-04,DAL01,AMER-Central,ENG-SVC,Maintenance Opex,346173,346331,158,0.05,FacilityPro,PO100157
2024-04,DAL01,AMER-Central,ENG-SVC,Power Opex,380072,360660,-19412,-5.11,CBRE Ops,PO100158
2024-04,DAL01,AMER-Central,FIN-CAPEX,Capex Replacement,589833,575291,-14542,-2.47,ABB Services,PO100159
2024-04,DAL01,AMER-Central,FIN-CAPEX,Vendor Services,102112,112158,10046,9.84,Schneider Services,PO100160
2024-04,DEN01,AMER-Central,OPS-FAC,Maintenance Opex,48212,53538,5326,11.05,EcoCool,PO100161
2024-04,DEN01,AMER-Central,OPS-FAC,Power Opex,105166,102432,-2734,-2.6,EcoCool,PO100162
2024-04,DEN01,AMER-Central,OPS-FAC,Capex Replacement,39067,38322,-745,-1.91,FacilityPro,PO100163
2024-04,DEN01,AMER-Central,OPS-DC,Vendor Services,9313,10794,1481,15.9,PowerGrid Mechanical,PO100164
2024-04,LAX01,AMER-West,FIN-CAPEX,Maintenance Opex,163391,153696,-9695,-5.93,Vertiv Services,PO100165
2024-04,LAX01,AMER-West,OPS-FAC,Power Opex,178954,205221,26267,14.68,ABB Services,PO100166
2024-04,LAX01,AMER-West,OPS-FAC,Capex Replacement,222656,215037,-7619,-3.42,CBRE Ops,PO100167
2024-04,LAX01,AMER-West,OPS-FAC,Vendor Services,37045,42904,5859,15.82,Vertiv Services,PO100168
2024-04,MIA01,AMER-Central,OPS-DC,Maintenance Opex,59503,59134,-369,-0.62,FacilityPro,PO100169
2024-04,MIA01,AMER-Central,ENG-SVC,Power Opex,86303,96391,10088,11.69,EcoCool,PO100170
2024-04,MIA01,AMER-Central,OPS-DC,Capex Replacement,66395,75690,9295,14.0,PowerGrid Mechanical,PO100171
2024-04,MIA01,AMER-Central,FIN-CAPEX,Vendor Services,19862,18294,-1568,-7.89,Schneider Services,PO100172
2024-04,NYC01,AMER-East,OPS-DC,Maintenance Opex,151561,165752,14191,9.36,Schneider Services,PO100173
2024-04,NYC01,AMER-East,OPS-DC,Power Opex,234995,236056,1061,0.45,FacilityPro,PO100174
2024-04,NYC01,AMER-East,ENG-SVC,Capex Replacement,189749,180408,-9341,-4.92,ABB Services,PO100175
2024-04,NYC01,AMER-East,OPS-FAC,Vendor Services,25046,27663,2617,10.45,DataVolt,PO100176
2024-04,PHX01,AMER-West,OPS-DC,Maintenance Opex,74711,73292,-1419,-1.9,EcoCool,PO100177
2024-04,PHX01,AMER-West,OPS-FAC,Power Opex,113813,114420,607,0.53,ABB Services,PO100178
2024-04,PHX01,AMER-West,OPS-DC,Capex Replacement,50789,50534,-255,-0.5,PowerGrid Mechanical,PO100179
2024-04,PHX01,AMER-West,OPS-DC,Vendor Services,18762,19108,346,1.84,Vertiv Services,PO100180
2024-04,SEA01,AMER-West,OPS-DC,Maintenance Opex,104084,105085,1001,0.96,Schneider Services,PO100181
2024-04,SEA01,AMER-West,OPS-FAC,Power Opex,77055,86985,9930,12.89,DataVolt,PO100182
2024-04,SEA01,AMER-West,OPS-FAC,Capex Replacement,109077,100469,-8608,-7.89,DataVolt,PO100183
2024-04,SEA01,AMER-West,FIN-CAPEX,Vendor Services,39806,36684,-3122,-7.84,ABB Services,PO100184
2024-04,SJC01,AMER-West,OPS-FAC,Maintenance Opex,221311,238243,16932,7.65,Vertiv Services,PO100185
2024-04,SJC01,AMER-West,OPS-FAC,Power Opex,380613,409465,28852,7.58,PowerGrid Mechanical,PO100186
2024-04,SJC01,AMER-West,ENG-SVC,Capex Replacement,267616,288477,20861,7.8,FacilityPro,PO100187
2024-04,SJC01,AMER-West,OPS-FAC,Vendor Services,91734,84671,-7063,-7.7,DataVolt,PO100188
2024-04,TOR01,AMER-Central,OPS-FAC,Maintenance Opex,143719,157668,13949,9.71,DataVolt,PO100189
2024-04,TOR01,AMER-Central,ENG-SVC,Power Opex,135603,150145,14542,10.72,EcoCool,PO100190
2024-04,TOR01,AMER-Central,OPS-DC,Capex Replacement,215996,231232,15236,7.05,ABB Services,PO100191
2024-04,TOR01,AMER-Central,OPS-FAC,Vendor Services,36934,40589,3655,9.9,EcoCool,PO100192
2024-05,ASH01,AMER-East,ENG-SVC,Maintenance Opex,313604,306869,-6735,-2.15,ABB Services,PO100193
2024-05,ASH01,AMER-East,OPS-DC,Power Opex,386936,420706,33770,8.73,CBRE Ops,PO100194
2024-05,ASH01,AMER-East,FIN-CAPEX,Capex Replacement,576305,581951,5646,0.98,Schneider Services,PO100195
2024-05,ASH01,AMER-East,OPS-DC,Vendor Services,55707,62815,7108,12.76,Vertiv Services,PO100196
2024-05,ATL01,AMER-East,OPS-DC,Maintenance Opex,109800,120270,10470,9.54,PowerGrid Mechanical,PO100197
2024-05,ATL01,AMER-East,ENG-SVC,Power Opex,112148,129745,17597,15.69,FacilityPro,PO100198
2024-05,ATL01,AMER-East,OPS-DC,Capex Replacement,187975,179061,-8914,-4.74,DataVolt,PO100199
2024-05,ATL01,AMER-East,ENG-SVC,Vendor Services,34505,31951,-2554,-7.4,FacilityPro,PO100200
2024-05,CHI01,AMER-East,OPS-DC,Maintenance Opex,201484,206624,5140,2.55,EcoCool,PO100201
2024-05,CHI01,AMER-East,OPS-DC,Power Opex,249435,252529,3094,1.24,PowerGrid Mechanical,PO100202
2024-05,CHI01,AMER-East,ENG-SVC,Capex Replacement,161427,174884,13457,8.34,CBRE Ops,PO100203
2024-05,CHI01,AMER-East,FIN-CAPEX,Vendor Services,47546,48828,1282,2.7,Schneider Services,PO100204
2024-05,DAL01,AMER-Central,OPS-DC,Maintenance Opex,332055,363032,30977,9.33,Vertiv Services,PO100205
2024-05,DAL01,AMER-Central,OPS-FAC,Power Opex,424822,488749,63927,15.05,CBRE Ops,PO100206
2024-05,DAL01,AMER-Central,OPS-DC,Capex Replacement,489821,558510,68689,14.02,PowerGrid Mechanical,PO100207
2024-05,DAL01,AMER-Central,ENG-SVC,Vendor Services,77466,80715,3249,4.19,ABB Services,PO100208
2024-05,DEN01,AMER-Central,FIN-CAPEX,Maintenance Opex,52090,59432,7342,14.09,CBRE Ops,PO100209
2024-05,DEN01,AMER-Central,ENG-SVC,Power Opex,98374,109399,11025,11.21,Vertiv Services,PO100210
2024-05,DEN01,AMER-Central,OPS-DC,Capex Replacement,58928,67183,8255,14.01,ABB Services,PO100211
2024-05,DEN01,AMER-Central,FIN-CAPEX,Vendor Services,17815,17125,-690,-3.87,CBRE Ops,PO100212
2024-05,LAX01,AMER-West,OPS-FAC,Maintenance Opex,131649,146968,15319,11.64,EcoCool,PO100213
2024-05,LAX01,AMER-West,ENG-SVC,Power Opex,187942,213575,25633,13.64,PowerGrid Mechanical,PO100214
2024-05,LAX01,AMER-West,OPS-DC,Capex Replacement,143421,158209,14788,10.31,PowerGrid Mechanical,PO100215
2024-05,LAX01,AMER-West,OPS-DC,Vendor Services,37690,41573,3883,10.3,FacilityPro,PO100216
2024-05,MIA01,AMER-Central,OPS-DC,Maintenance Opex,44974,50927,5953,13.24,ABB Services,PO100217
2024-05,MIA01,AMER-Central,ENG-SVC,Power Opex,107815,109803,1988,1.84,FacilityPro,PO100218
2024-05,MIA01,AMER-Central,FIN-CAPEX,Capex Replacement,64463,66920,2457,3.81,Vertiv Services,PO100219
2024-05,MIA01,AMER-Central,ENG-SVC,Vendor Services,7874,7905,31,0.39,CBRE Ops,PO100220
2024-05,NYC01,AMER-East,OPS-FAC,Maintenance Opex,115396,118644,3248,2.81,FacilityPro,PO100221
2024-05,NYC01,AMER-East,OPS-DC,Power Opex,197463,208164,10701,5.42,ABB Services,PO100222
2024-05,NYC01,AMER-East,OPS-DC,Capex Replacement,196636,217329,20693,10.52,CBRE Ops,PO100223
2024-05,NYC01,AMER-East,OPS-DC,Vendor Services,36603,34501,-2102,-5.74,FacilityPro,PO100224
2024-05,PHX01,AMER-West,OPS-DC,Maintenance Opex,81838,76527,-5311,-6.49,Vertiv Services,PO100225
2024-05,PHX01,AMER-West,ENG-SVC,Power Opex,130828,142104,11276,8.62,FacilityPro,PO100226
2024-05,PHX01,AMER-West,OPS-DC,Capex Replacement,88571,96236,7665,8.65,DataVolt,PO100227
2024-05,PHX01,AMER-West,FIN-CAPEX,Vendor Services,18316,17814,-502,-2.74,DataVolt,PO100228
2024-05,SEA01,AMER-West,OPS-DC,Maintenance Opex,110190,112791,2601,2.36,FacilityPro,PO100229
2024-05,SEA01,AMER-West,OPS-DC,Power Opex,81063,88800,7737,9.54,PowerGrid Mechanical,PO100230
2024-05,SEA01,AMER-West,OPS-DC,Capex Replacement,109886,116475,6589,6.0,ABB Services,PO100231
2024-05,SEA01,AMER-West,OPS-DC,Vendor Services,34734,37665,2931,8.44,Schneider Services,PO100232
2024-05,SJC01,AMER-West,OPS-DC,Maintenance Opex,336440,313582,-22858,-6.79,DataVolt,PO100233
2024-05,SJC01,AMER-West,ENG-SVC,Power Opex,488304,452243,-36061,-7.38,PowerGrid Mechanical,PO100234
2024-05,SJC01,AMER-West,FIN-CAPEX,Capex Replacement,501489,513642,12153,2.42,Vertiv Services,PO100235
2024-05,SJC01,AMER-West,OPS-FAC,Vendor Services,115239,106987,-8252,-7.16,FacilityPro,PO100236
2024-05,TOR01,AMER-Central,OPS-DC,Maintenance Opex,159621,160744,1123,0.7,CBRE Ops,PO100237
2024-05,TOR01,AMER-Central,OPS-FAC,Power Opex,167639,183228,15589,9.3,Vertiv Services,PO100238
2024-05,TOR01,AMER-Central,OPS-DC,Capex Replacement,241680,229009,-12671,-5.24,Vertiv Services,PO100239
2024-05,TOR01,AMER-Central,OPS-DC,Vendor Services,50413,51251,838,1.66,Vertiv Services,PO100240
2024-06,ASH01,AMER-East,OPS-DC,Maintenance Opex,302190,319059,16869,5.58,CBRE Ops,PO100241
2024-06,ASH01,AMER-East,OPS-FAC,Power Opex,440400,472075,31675,7.19,CBRE Ops,PO100242
2024-06,ASH01,AMER-East,OPS-DC,Capex Replacement,410629,411908,1279,0.31,EcoCool,PO100243
2024-06,ASH01,AMER-East,FIN-CAPEX,Vendor Services,82984,92188,9204,11.09,DataVolt,PO100244
2024-06,ATL01,AMER-East,FIN-CAPEX,Maintenance Opex,125552,140763,15211,12.12,PowerGrid Mechanical,PO100245
2024-06,ATL01,AMER-East,OPS-DC,Power Opex,111677,108382,-3295,-2.95,CBRE Ops,PO100246
2024-06,ATL01,AMER-East,OPS-DC,Capex Replacement,143164,165704,22540,15.74,Schneider Services,PO100247
2024-06,ATL01,AMER-East,OPS-FAC,Vendor Services,34744,32947,-1797,-5.17,FacilityPro,PO100248
2024-06,CHI01,AMER-East,OPS-FAC,Maintenance Opex,167825,191967,24142,14.39,ABB Services,PO100249
2024-06,CHI01,AMER-East,OPS-FAC,Power Opex,171704,183578,11874,6.92,PowerGrid Mechanical,PO100250
2024-06,CHI01,AMER-East,ENG-SVC,Capex Replacement,281234,258983,-22251,-7.91,Vertiv Services,PO100251
2024-06,CHI01,AMER-East,ENG-SVC,Vendor Services,39545,42253,2708,6.85,PowerGrid Mechanical,PO100252
2024-06,DAL01,AMER-Central,OPS-DC,Maintenance Opex,362867,373310,10443,2.88,Schneider Services,PO100253
2024-06,DAL01,AMER-Central,OPS-FAC,Power Opex,416346,481885,65539,15.74,CBRE Ops,PO100254
2024-06,DAL01,AMER-Central,ENG-SVC,Capex Replacement,561902,602467,40565,7.22,Schneider Services,PO100255
2024-06,DAL01,AMER-Central,OPS-FAC,Vendor Services,61156,66316,5160,8.44,FacilityPro,PO100256
2024-06,DEN01,AMER-Central,FIN-CAPEX,Maintenance Opex,77252,71271,-5981,-7.74,Schneider Services,PO100257
2024-06,DEN01,AMER-Central,OPS-DC,Power Opex,98500,110771,12271,12.46,PowerGrid Mechanical,PO100258
2024-06,DEN01,AMER-Central,OPS-DC,Capex Replacement,61367,62475,1108,1.81,DataVolt,PO100259
2024-06,DEN01,AMER-Central,OPS-DC,Vendor Services,22432,20896,-1536,-6.85,EcoCool,PO100260
2024-06,LAX01,AMER-West,ENG-SVC,Maintenance Opex,124460,117727,-6733,-5.41,FacilityPro,PO100261
2024-06,LAX01,AMER-West,OPS-DC,Power Opex,195519,191570,-3949,-2.02,EcoCool,PO100262
2024-06,LAX01,AMER-West,ENG-SVC,Capex Replacement,173908,168322,-5586,-3.21,FacilityPro,PO100263
2024-06,LAX01,AMER-West,FIN-CAPEX,Vendor Services,22151,25457,3306,14.92,Vertiv Services,PO100264
2024-06,MIA01,AMER-Central,FIN-CAPEX,Maintenance Opex,83548,92612,9064,10.85,CBRE Ops,PO100265
2024-06,MIA01,AMER-Central,FIN-CAPEX,Power Opex,113605,109778,-3827,-3.37,DataVolt,PO100266
2024-06,MIA01,AMER-Central,OPS-DC,Capex Replacement,129294,134385,5091,3.94,CBRE Ops,PO100267
2024-06,MIA01,AMER-Central,OPS-DC,Vendor Services,16574,18209,1635,9.86,FacilityPro,PO100268
2024-06,NYC01,AMER-East,ENG-SVC,Maintenance Opex,154970,163615,8645,5.58,Schneider Services,PO100269
2024-06,NYC01,AMER-East,OPS-DC,Power Opex,217583,247131,29548,13.58,PowerGrid Mechanical,PO100270
2024-06,NYC01,AMER-East,OPS-DC,Capex Replacement,186964,189283,2319,1.24,PowerGrid Mechanical,PO100271
2024-06,NYC01,AMER-East,FIN-CAPEX,Vendor Services,32877,36451,3574,10.87,DataVolt,PO100272
2024-06,PHX01,AMER-West,OPS-DC,Maintenance Opex,69708,71127,1419,2.04,EcoCool,PO100273
2024-06,PHX01,AMER-West,OPS-FAC,Power Opex,118180,121823,3643,3.08,PowerGrid Mechanical,PO100274
2024-06,PHX01,AMER-West,ENG-SVC,Capex Replacement,57504,58262,758,1.32,PowerGrid Mechanical,PO100275
2024-06,PHX01,AMER-West,OPS-DC,Vendor Services,23513,22587,-926,-3.94,FacilityPro,PO100276
2024-06,SEA01,AMER-West,FIN-CAPEX,Maintenance Opex,93676,107764,14088,15.04,Schneider Services,PO100277
2024-06,SEA01,AMER-West,ENG-SVC,Power Opex,117825,108752,-9073,-7.7,Schneider Services,PO100278
2024-06,SEA01,AMER-West,FIN-CAPEX,Capex Replacement,111485,123132,11647,10.45,DataVolt,PO100279
2024-06,SEA01,AMER-West,OPS-DC,Vendor Services,33757,35075,1318,3.9,Schneider Services,PO100280
2024-06,SJC01,AMER-West,FIN-CAPEX,Maintenance Opex,309394,317925,8531,2.76,DataVolt,PO100281
2024-06,SJC01,AMER-West,ENG-SVC,Power Opex,330911,382209,51298,15.5,Vertiv Services,PO100282
2024-06,SJC01,AMER-West,OPS-FAC,Capex Replacement,495664,566199,70535,14.23,Schneider Services,PO100283
2024-06,SJC01,AMER-West,OPS-DC,Vendor Services,47474,50718,3244,6.83,PowerGrid Mechanical,PO100284
2024-06,TOR01,AMER-Central,OPS-FAC,Maintenance Opex,197332,205705,8373,4.24,PowerGrid Mechanical,PO100285
2024-06,TOR01,AMER-Central,OPS-FAC,Power Opex,190646,198612,7966,4.18,FacilityPro,PO100286
2024-06,TOR01,AMER-Central,ENG-SVC,Capex Replacement,158601,176444,17843,11.25,EcoCool,PO100287
2024-06,TOR01,AMER-Central,OPS-FAC,Vendor Services,47887,47097,-790,-1.65,Vertiv Services,PO100288
2024-07,ASH01,AMER-East,OPS-FAC,Maintenance Opex,373011,371768,-1243,-0.33,PowerGrid Mechanical,PO100289
2024-07,ASH01,AMER-East,OPS-FAC,Power Opex,437983,423262,-14721,-3.36,CBRE Ops,PO100290
2024-07,ASH01,AMER-East,OPS-DC,Capex Replacement,510622,530286,19664,3.85,Vertiv Services,PO100291
2024-07,ASH01,AMER-East,FIN-CAPEX,Vendor Services,92827,88532,-4295,-4.63,EcoCool,PO100292
2024-07,ATL01,AMER-East,FIN-CAPEX,Maintenance Opex,154183,168754,14571,9.45,Schneider Services,PO100293
2024-07,ATL01,AMER-East,OPS-DC,Power Opex,90364,102251,11887,13.15,DataVolt,PO100294
2024-07,ATL01,AMER-East,ENG-SVC,Capex Replacement,166932,178955,12023,7.2,ABB Services,PO100295
2024-07,ATL01,AMER-East,OPS-DC,Vendor Services,53658,57209,3551,6.62,FacilityPro,PO100296
2024-07,CHI01,AMER-East,FIN-CAPEX,Maintenance Opex,193781,204335,10554,5.45,ABB Services,PO100297
2024-07,CHI01,AMER-East,OPS-FAC,Power Opex,217784,213102,-4682,-2.15,DataVolt,PO100298
2024-07,CHI01,AMER-East,FIN-CAPEX,Capex Replacement,203615,217807,14192,6.97,Schneider Services,PO100299
2024-07,CHI01,AMER-East,ENG-SVC,Vendor Services,46900,43877,-3023,-6.45,ABB Services,PO100300
2024-07,DAL01,AMER-Central,OPS-FAC,Maintenance Opex,381427,400194,18767,4.92,Schneider Services,PO100301
2024-07,DAL01,AMER-Central,OPS-FAC,Power Opex,450415,478257,27842,6.18,FacilityPro,PO100302
2024-07,DAL01,AMER-Central,OPS-DC,Capex Replacement,323182,321311,-1871,-0.58,Schneider Services,PO100303
2024-07,DAL01,AMER-Central,FIN-CAPEX,Vendor Services,56473,64469,7996,14.16,PowerGrid Mechanical,PO100304
2024-07,DEN01,AMER-Central,OPS-FAC,Maintenance Opex,82245,78747,-3498,-4.25,EcoCool,PO100305
2024-07,DEN01,AMER-Central,OPS-FAC,Power Opex,88060,95649,7589,8.62,ABB Services,PO100306
2024-07,DEN01,AMER-Central,OPS-DC,Capex Replacement,96483,88777,-7706,-7.99,ABB Services,PO100307
2024-07,DEN01,AMER-Central,OPS-FAC,Vendor Services,15603,17263,1660,10.64,ABB Services,PO100308
2024-07,LAX01,AMER-West,ENG-SVC,Maintenance Opex,101658,102629,971,0.96,Schneider Services,PO100309
2024-07,LAX01,AMER-West,OPS-FAC,Power Opex,207545,211703,4158,2.0,ABB Services,PO100310
2024-07,LAX01,AMER-West,OPS-FAC,Capex Replacement,124907,142607,17700,14.17,CBRE Ops,PO100311
2024-07,LAX01,AMER-West,OPS-DC,Vendor Services,19537,20270,733,3.75,EcoCool,PO100312
2024-07,MIA01,AMER-Central,ENG-SVC,Maintenance Opex,28912,32852,3940,13.63,Vertiv Services,PO100313
2024-07,MIA01,AMER-Central,OPS-DC,Power Opex,119024,122039,3015,2.53,PowerGrid Mechanical,PO100314
2024-07,MIA01,AMER-Central,OPS-DC,Capex Replacement,22080,25193,3113,14.1,DataVolt,PO100315
2024-07,MIA01,AMER-Central,OPS-FAC,Vendor Services,6883,7355,472,6.86,PowerGrid Mechanical,PO100316
2024-07,NYC01,AMER-East,OPS-DC,Maintenance Opex,130254,147471,17217,13.22,EcoCool,PO100317
2024-07,NYC01,AMER-East,OPS-DC,Power Opex,209753,207295,-2458,-1.17,FacilityPro,PO100318
2024-07,NYC01,AMER-East,OPS-FAC,Capex Replacement,193985,196990,3005,1.55,Schneider Services,PO100319
2024-07,NYC01,AMER-East,OPS-DC,Vendor Services,49293,48008,-1285,-2.61,FacilityPro,PO100320
2024-07,PHX01,AMER-West,OPS-FAC,Maintenance Opex,83773,80942,-2831,-3.38,EcoCool,PO100321
2024-07,PHX01,AMER-West,OPS-DC,Power Opex,111233,105172,-6061,-5.45,EcoCool,PO100322
2024-07,PHX01,AMER-West,ENG-SVC,Capex Replacement,45416,52082,6666,14.68,FacilityPro,PO100323
2024-07,PHX01,AMER-West,OPS-DC,Vendor Services,22293,23249,956,4.29,FacilityPro,PO100324
2024-07,SEA01,AMER-West,FIN-CAPEX,Maintenance Opex,113829,106049,-7780,-6.83,Vertiv Services,PO100325
2024-07,SEA01,AMER-West,OPS-DC,Power Opex,103335,114918,11583,11.21,Schneider Services,PO100326
2024-07,SEA01,AMER-West,OPS-DC,Capex Replacement,159625,152718,-6907,-4.33,FacilityPro,PO100327
2024-07,SEA01,AMER-West,OPS-DC,Vendor Services,32152,30809,-1343,-4.18,ABB Services,PO100328
2024-07,SJC01,AMER-West,FIN-CAPEX,Maintenance Opex,257416,292989,35573,13.82,DataVolt,PO100329
2024-07,SJC01,AMER-West,OPS-DC,Power Opex,427608,445203,17595,4.11,EcoCool,PO100330
2024-07,SJC01,AMER-West,OPS-DC,Capex Replacement,487746,521155,33409,6.85,DataVolt,PO100331
2024-07,SJC01,AMER-West,OPS-DC,Vendor Services,68478,65821,-2657,-3.88,ABB Services,PO100332
2024-07,TOR01,AMER-Central,OPS-FAC,Maintenance Opex,203942,205513,1571,0.77,CBRE Ops,PO100333
2024-07,TOR01,AMER-Central,OPS-FAC,Power Opex,187495,175311,-12184,-6.5,Schneider Services,PO100334
2024-07,TOR01,AMER-Central,FIN-CAPEX,Capex Replacement,198829,198282,-547,-0.28,ABB Services,PO100335
2024-07,TOR01,AMER-Central,OPS-DC,Vendor Services,42756,42251,-505,-1.18,CBRE Ops,PO100336
2024-08,ASH01,AMER-East,OPS-FAC,Maintenance Opex,312007,303580,-8427,-2.7,Vertiv Services,PO100337
2024-08,ASH01,AMER-East,FIN-CAPEX,Power Opex,443407,509786,66379,14.97,FacilityPro,PO100338
2024-08,ASH01,AMER-East,ENG-SVC,Capex Replacement,440854,433739,-7115,-1.61,PowerGrid Mechanical,PO100339
2024-08,ASH01,AMER-East,OPS-DC,Vendor Services,83200,93704,10504,12.62,DataVolt,PO100340
2024-08,ATL01,AMER-East,OPS-DC,Maintenance Opex,131975,136622,4647,3.52,CBRE Ops,PO100341
2024-08,ATL01,AMER-East,OPS-FAC,Power Opex,108428,121424,12996,11.99,CBRE Ops,PO100342
2024-08,ATL01,AMER-East,OPS-DC,Capex Replacement,196019,184699,-11320,-5.77,PowerGrid Mechanical,PO100343
2024-08,ATL01,AMER-East,OPS-FAC,Vendor Services,28574,27020,-1554,-5.44,FacilityPro,PO100344
2024-08,CHI01,AMER-East,FIN-CAPEX,Maintenance Opex,246510,238056,-8454,-3.43,FacilityPro,PO100345
2024-08,CHI01,AMER-East,OPS-DC,Power Opex,177271,194624,17353,9.79,EcoCool,PO100346
2024-08,CHI01,AMER-East,OPS-DC,Capex Replacement,287726,281767,-5959,-2.07,Schneider Services,PO100347
2024-08,CHI01,AMER-East,FIN-CAPEX,Vendor Services,67974,77821,9847,14.49,CBRE Ops,PO100348
2024-08,DAL01,AMER-Central,FIN-CAPEX,Maintenance Opex,422761,450626,27865,6.59,Schneider Services,PO100349
2024-08,DAL01,AMER-Central,ENG-SVC,Power Opex,395107,425533,30426,7.7,PowerGrid Mechanical,PO100350
2024-08,DAL01,AMER-Central,OPS-FAC,Capex Replacement,565570,633004,67434,11.92,Vertiv Services,PO100351
2024-08,DAL01,AMER-Central,FIN-CAPEX,Vendor Services,112242,109154,-3088,-2.75,EcoCool,PO100352
2024-08,DEN01,AMER-Central,OPS-DC,Maintenance Opex,59664,68840,9176,15.38,ABB Services,PO100353
2024-08,DEN01,AMER-Central,OPS-DC,Power Opex,88539,97762,9223,10.42,ABB Services,PO100354
2024-08,DEN01,AMER-Central,FIN-CAPEX,Capex Replacement,58573,55449,-3124,-5.33,CBRE Ops,PO100355
2024-08,DEN01,AMER-Central,OPS-FAC,Vendor Services,19653,20609,956,4.86,Schneider Services,PO100356
2024-08,LAX01,AMER-West,OPS-DC,Maintenance Opex,170625,164866,-5759,-3.38,FacilityPro,PO100357
2024-08,LAX01,AMER-West,FIN-CAPEX,Power Opex,207827,197679,-10148,-4.88,DataVolt,PO100358
2024-08,LAX01,AMER-West,OPS-DC,Capex Replacement,254384,255695,1311,0.52,DataVolt,PO100359
2024-08,LAX01,AMER-West,OPS-DC,Vendor Services,51487,50284,-1203,-2.34,Vertiv Services,PO100360
2024-08,MIA01,AMER-Central,ENG-SVC,Maintenance Opex,52636,49858,-2778,-5.28,Schneider Services,PO100361
2024-08,MIA01,AMER-Central,OPS-FAC,Power Opex,107180,118263,11083,10.34,PowerGrid Mechanical,PO100362
2024-08,MIA01,AMER-Central,OPS-DC,Capex Replacement,57997,58942,945,1.63,Schneider Services,PO100363
2024-08,MIA01,AMER-Central,OPS-DC,Vendor Services,13394,13172,-222,-1.66,FacilityPro,PO100364
2024-08,NYC01,AMER-East,OPS-FAC,Maintenance Opex,126232,141871,15639,12.39,FacilityPro,PO100365
2024-08,NYC01,AMER-East,FIN-CAPEX,Power Opex,177044,201645,24601,13.9,DataVolt,PO100366
2024-08,NYC01,AMER-East,FIN-CAPEX,Capex Replacement,187097,178785,-8312,-4.44,Vertiv Services,PO100367
2024-08,NYC01,AMER-East,OPS-FAC,Vendor Services,23983,27677,3694,15.4,EcoCool,PO100368
2024-08,PHX01,AMER-West,OPS-FAC,Maintenance Opex,42127,41813,-314,-0.75,EcoCool,PO100369
2024-08,PHX01,AMER-West,ENG-SVC,Power Opex,105903,114149,8246,7.79,PowerGrid Mechanical,PO100370
2024-08,PHX01,AMER-West,OPS-FAC,Capex Replacement,24979,24205,-774,-3.1,PowerGrid Mechanical,PO100371
2024-08,PHX01,AMER-West,OPS-DC,Vendor Services,12499,13800,1301,10.41,CBRE Ops,PO100372
2024-08,SEA01,AMER-West,OPS-FAC,Maintenance Opex,145797,155182,9385,6.44,Vertiv Services,PO100373
2024-08,SEA01,AMER-West,FIN-CAPEX,Power Opex,80895,91677,10782,13.33,DataVolt,PO100374
2024-08,SEA01,AMER-West,ENG-SVC,Capex Replacement,255964,275562,19598,7.66,ABB Services,PO100375
2024-08,SEA01,AMER-West,FIN-CAPEX,Vendor Services,49921,57377,7456,14.94,FacilityPro,PO100376
2024-08,SJC01,AMER-West,OPS-DC,Maintenance Opex,303094,338906,35812,11.82,FacilityPro,PO100377
2024-08,SJC01,AMER-West,OPS-DC,Power Opex,372135,413985,41850,11.25,EcoCool,PO100378
2024-08,SJC01,AMER-West,OPS-DC,Capex Replacement,672380,693765,21385,3.18,FacilityPro,PO100379
2024-08,SJC01,AMER-West,OPS-DC,Vendor Services,58122,61150,3028,5.21,Schneider Services,PO100380
2024-08,TOR01,AMER-Central,OPS-DC,Maintenance Opex,191418,183103,-8315,-4.34,PowerGrid Mechanical,PO100381
2024-08,TOR01,AMER-Central,OPS-DC,Power Opex,197046,196839,-207,-0.11,DataVolt,PO100382
2024-08,TOR01,AMER-Central,FIN-CAPEX,Capex Replacement,254396,246393,-8003,-3.15,EcoCool,PO100383
2024-08,TOR01,AMER-Central,OPS-DC,Vendor Services,35574,35063,-511,-1.44,Vertiv Services,PO100384
2024-09,ASH01,AMER-East,FIN-CAPEX,Maintenance Opex,259492,274465,14973,5.77,ABB Services,PO100385
2024-09,ASH01,AMER-East,OPS-FAC,Power Opex,465267,468934,3667,0.79,ABB Services,PO100386
2024-09,ASH01,AMER-East,FIN-CAPEX,Capex Replacement,290150,269247,-20903,-7.2,DataVolt,PO100387
2024-09,ASH01,AMER-East,OPS-DC,Vendor Services,76199,78321,2122,2.78,FacilityPro,PO100388
2024-09,ATL01,AMER-East,OPS-FAC,Maintenance Opex,109094,123651,14557,13.34,ABB Services,PO100389
2024-09,ATL01,AMER-East,OPS-FAC,Power Opex,105783,116690,10907,10.31,ABB Services,PO100390
2024-09,ATL01,AMER-East,OPS-DC,Capex Replacement,219690,245497,25807,11.75,ABB Services,PO100391
2024-09,ATL01,AMER-East,ENG-SVC,Vendor Services,45032,42366,-2666,-5.92,EcoCool,PO100392
2024-09,CHI01,AMER-East,ENG-SVC,Maintenance Opex,199284,218583,19299,9.68,Schneider Services,PO100393
2024-09,CHI01,AMER-East,ENG-SVC,Power Opex,202424,214051,11627,5.74,PowerGrid Mechanical,PO100394
2024-09,CHI01,AMER-East,OPS-DC,Capex Replacement,186103,196810,10707,5.75,EcoCool,PO100395
2024-09,CHI01,AMER-East,OPS-DC,Vendor Services,67306,69229,1923,2.86,CBRE Ops,PO100396
2024-09,DAL01,AMER-Central,FIN-CAPEX,Maintenance Opex,362020,405537,43517,12.02,Schneider Services,PO100397
2024-09,DAL01,AMER-Central,OPS-DC,Power Opex,414570,449098,34528,8.33,Schneider Services,PO100398
2024-09,DAL01,AMER-Central,OPS-DC,Capex Replacement,566754,652970,86216,15.21,FacilityPro,PO100399
2024-09,DAL01,AMER-Central,OPS-FAC,Vendor Services,120221,113853,-6368,-5.3,PowerGrid Mechanical,PO100400
2024-09,DEN01,AMER-Central,OPS-FAC,Maintenance Opex,55624,60673,5049,9.08,PowerGrid Mechanical,PO100401
2024-09,DEN01,AMER-Central,OPS-FAC,Power Opex,108106,109939,1833,1.7,DataVolt,PO100402
2024-09,DEN01,AMER-Central,OPS-DC,Capex Replacement,51850,48854,-2996,-5.78,Vertiv Services,PO100403
2024-09,DEN01,AMER-Central,FIN-CAPEX,Vendor Services,9884,10743,859,8.69,Vertiv Services,PO100404
2024-09,LAX01,AMER-West,OPS-FAC,Maintenance Opex,95353,106174,10821,11.35,Schneider Services,PO100405
2024-09,LAX01,AMER-West,OPS-FAC,Power Opex,220479,222034,1555,0.71,ABB Services,PO100406
2024-09,LAX01,AMER-West,OPS-DC,Capex Replacement,137131,139185,2054,1.5,Schneider Services,PO100407
2024-09,LAX01,AMER-West,OPS-FAC,Vendor Services,31003,34169,3166,10.21,FacilityPro,PO100408
2024-09,MIA01,AMER-Central,OPS-FAC,Maintenance Opex,58207,56012,-2195,-3.77,DataVolt,PO100409
2024-09,MIA01,AMER-Central,FIN-CAPEX,Power Opex,84791,90753,5962,7.03,CBRE Ops,PO100410
2024-09,MIA01,AMER-Central,OPS-DC,Capex Replacement,78036,72849,-5187,-6.65,EcoCool,PO100411
2024-09,MIA01,AMER-Central,FIN-CAPEX,Vendor Services,16971,18765,1794,10.57,PowerGrid Mechanical,PO100412
2024-09,NYC01,AMER-East,ENG-SVC,Maintenance Opex,152758,174433,21675,14.19,FacilityPro,PO100413
2024-09,NYC01,AMER-East,FIN-CAPEX,Power Opex,186164,211347,25183,13.53,ABB Services,PO100414
2024-09,NYC01,AMER-East,OPS-FAC,Capex Replacement,241530,244802,3272,1.35,EcoCool,PO100415
2024-09,NYC01,AMER-East,FIN-CAPEX,Vendor Services,57171,60927,3756,6.57,PowerGrid Mechanical,PO100416
2024-09,PHX01,AMER-West,OPS-FAC,Maintenance Opex,91126,84727,-6399,-7.02,Vertiv Services,PO100417
2024-09,PHX01,AMER-West,OPS-FAC,Power Opex,146562,142354,-4208,-2.87,Schneider Services,PO100418
2024-09,PHX01,AMER-West,OPS-DC,Capex Replacement,59057,57863,-1194,-2.02,DataVolt,PO100419
2024-09,PHX01,AMER-West,OPS-FAC,Vendor Services,15353,14332,-1021,-6.65,DataVolt,PO100420
2024-09,SEA01,AMER-West,OPS-DC,Maintenance Opex,90999,100466,9467,10.4,Schneider Services,PO100421
2024-09,SEA01,AMER-West,OPS-FAC,Power Opex,101103,116497,15394,15.23,DataVolt,PO100422
2024-09,SEA01,AMER-West,FIN-CAPEX,Capex Replacement,82889,89727,6838,8.25,EcoCool,PO100423
2024-09,SEA01,AMER-West,OPS-DC,Vendor Services,30888,32162,1274,4.12,ABB Services,PO100424
2024-09,SJC01,AMER-West,OPS-FAC,Maintenance Opex,279632,297183,17551,6.28,Schneider Services,PO100425
2024-09,SJC01,AMER-West,OPS-DC,Power Opex,407509,453958,46449,11.4,Vertiv Services,PO100426
2024-09,SJC01,AMER-West,FIN-CAPEX,Capex Replacement,424869,467112,42243,9.94,DataVolt,PO100427
2024-09,SJC01,AMER-West,OPS-DC,Vendor Services,59498,54759,-4739,-7.96,FacilityPro,PO100428
2024-09,TOR01,AMER-Central,OPS-DC,Maintenance Opex,153896,142780,-11116,-7.22,Vertiv Services,PO100429
2024-09,TOR01,AMER-Central,OPS-DC,Power Opex,141360,153993,12633,8.94,FacilityPro,PO100430
2024-09,TOR01,AMER-Central,OPS-FAC,Capex Replacement,154111,169202,15091,9.79,PowerGrid Mechanical,PO100431
2024-09,TOR01,AMER-Central,ENG-SVC,Vendor Services,40641,39008,-1633,-4.02,DataVolt,PO100432
2024-10,ASH01,AMER-East,OPS-FAC,Maintenance Opex,275382,268953,-6429,-2.33,Vertiv Services,PO100433
2024-10,ASH01,AMER-East,OPS-DC,Power Opex,364317,393733,29416,8.07,PowerGrid Mechanical,PO100434
2024-10,ASH01,AMER-East,OPS-DC,Capex Replacement,344047,342306,-1741,-0.51,DataVolt,PO100435
2024-10,ASH01,AMER-East,ENG-SVC,Vendor Services,77769,72524,-5245,-6.74,DataVolt,PO100436
2024-10,ATL01,AMER-East,FIN-CAPEX,Maintenance Opex,94086,100382,6296,6.69,CBRE Ops,PO100437
2024-10,ATL01,AMER-East,OPS-FAC,Power Opex,107640,115175,7535,7.0,DataVolt,PO100438
2024-10,ATL01,AMER-East,OPS-DC,Capex Replacement,105264,117568,12304,11.69,DataVolt,PO100439
2024-10,ATL01,AMER-East,OPS-DC,Vendor Services,17174,16495,-679,-3.95,ABB Services,PO100440
2024-10,CHI01,AMER-East,OPS-DC,Maintenance Opex,125530,145191,19661,15.66,PowerGrid Mechanical,PO100441
2024-10,CHI01,AMER-East,OPS-DC,Power Opex,239385,257931,18546,7.75,DataVolt,PO100442
2024-10,CHI01,AMER-East,OPS-DC,Capex Replacement,181327,176565,-4762,-2.63,Schneider Services,PO100443
2024-10,CHI01,AMER-East,OPS-DC,Vendor Services,33139,35051,1912,5.77,Vertiv Services,PO100444
2024-10,DAL01,AMER-Central,ENG-SVC,Maintenance Opex,395059,386547,-8512,-2.15,DataVolt,PO100445
2024-10,DAL01,AMER-Central,FIN-CAPEX,Power Opex,391844,421086,29242,7.46,DataVolt,PO100446
2024-10,DAL01,AMER-Central,OPS-DC,Capex Replacement,382027,401862,19835,5.19,ABB Services,PO100447
2024-10,DAL01,AMER-Central,OPS-DC,Vendor Services,98213,111181,12968,13.2,FacilityPro,PO100448
2024-10,DEN01,AMER-Central,ENG-SVC,Maintenance Opex,51270,54738,3468,6.76,DataVolt,PO100449
2024-10,DEN01,AMER-Central,OPS-FAC,Power Opex,78345,82514,4169,5.32,EcoCool,PO100450
2024-10,DEN01,AMER-Central,OPS-DC,Capex Replacement,39612,43701,4089,10.32,Schneider Services,PO100451
2024-10,DEN01,AMER-Central,OPS-FAC,Vendor Services,9077,9864,787,8.67,CBRE Ops,PO100452
2024-10,LAX01,AMER-West,FIN-CAPEX,Maintenance Opex,147539,139223,-8316,-5.64,FacilityPro,PO100453
2024-10,LAX01,AMER-West,FIN-CAPEX,Power Opex,193333,216909,23576,12.19,FacilityPro,PO100454
2024-10,LAX01,AMER-West,OPS-DC,Capex Replacement,110956,111402,446,0.4,Schneider Services,PO100455
2024-10,LAX01,AMER-West,ENG-SVC,Vendor Services,38780,42210,3430,8.84,PowerGrid Mechanical,PO100456
2024-10,MIA01,AMER-Central,OPS-DC,Maintenance Opex,51209,49552,-1657,-3.24,Schneider Services,PO100457
2024-10,MIA01,AMER-Central,OPS-DC,Power Opex,97812,99721,1909,1.95,ABB Services,PO100458
2024-10,MIA01,AMER-Central,ENG-SVC,Capex Replacement,51073,53971,2898,5.67,Vertiv Services,PO100459
2024-10,MIA01,AMER-Central,OPS-FAC,Vendor Services,12489,13940,1451,11.62,DataVolt,PO100460
2024-10,NYC01,AMER-East,ENG-SVC,Maintenance Opex,107325,115309,7984,7.44,PowerGrid Mechanical,PO100461
2024-10,NYC01,AMER-East,OPS-FAC,Power Opex,264210,247662,-16548,-6.26,FacilityPro,PO100462
2024-10,NYC01,AMER-East,OPS-DC,Capex Replacement,130085,138883,8798,6.76,ABB Services,PO100463
2024-10,NYC01,AMER-East,OPS-DC,Vendor Services,17873,17444,-429,-2.4,DataVolt,PO100464
2024-10,PHX01,AMER-West,OPS-FAC,Maintenance Opex,72792,67535,-5257,-7.22,DataVolt,PO100465
2024-10,PHX01,AMER-West,OPS-DC,Power Opex,95209,108860,13651,14.34,Vertiv Services,PO100466
2024-10,PHX01,AMER-West,FIN-CAPEX,Capex Replacement,53817,52648,-1169,-2.17,ABB Services,PO100467
2024-10,PHX01,AMER-West,OPS-DC,Vendor Services,15813,15685,-128,-0.81,Vertiv Services,PO100468
2024-10,SEA01,AMER-West,OPS-DC,Maintenance Opex,121426,114711,-6715,-5.53,CBRE Ops,PO100469
2024-10,SEA01,AMER-West,OPS-DC,Power Opex,96985,100938,3953,4.08,EcoCool,PO100470
2024-10,SEA01,AMER-West,OPS-DC,Capex Replacement,89871,94082,4211,4.69,ABB Services,PO100471
2024-10,SEA01,AMER-West,OPS-DC,Vendor Services,42140,40132,-2008,-4.77,FacilityPro,PO100472
2024-10,SJC01,AMER-West,OPS-FAC,Maintenance Opex,288839,299266,10427,3.61,DataVolt,PO100473
2024-10,SJC01,AMER-West,FIN-CAPEX,Power Opex,472516,444913,-27603,-5.84,FacilityPro,PO100474
2024-10,SJC01,AMER-West,OPS-FAC,Capex Replacement,319127,320057,930,0.29,Vertiv Services,PO100475
2024-10,SJC01,AMER-West,OPS-FAC,Vendor Services,83894,91600,7706,9.19,CBRE Ops,PO100476
2024-10,TOR01,AMER-Central,OPS-DC,Maintenance Opex,205010,212257,7247,3.53,ABB Services,PO100477
2024-10,TOR01,AMER-Central,OPS-FAC,Power Opex,149604,163318,13714,9.17,PowerGrid Mechanical,PO100478
2024-10,TOR01,AMER-Central,ENG-SVC,Capex Replacement,202104,206843,4739,2.34,CBRE Ops,PO100479
2024-10,TOR01,AMER-Central,OPS-DC,Vendor Services,50948,52985,2037,4.0,Vertiv Services,PO100480
2024-11,ASH01,AMER-East,OPS-DC,Maintenance Opex,321430,324069,2639,0.82,Vertiv Services,PO100481
2024-11,ASH01,AMER-East,FIN-CAPEX,Power Opex,400951,461005,60054,14.98,Vertiv Services,PO100482
2024-11,ASH01,AMER-East,OPS-DC,Capex Replacement,476373,512035,35662,7.49,PowerGrid Mechanical,PO100483
2024-11,ASH01,AMER-East,OPS-FAC,Vendor Services,53525,50332,-3193,-5.97,ABB Services,PO100484
2024-11,ATL01,AMER-East,OPS-FAC,Maintenance Opex,130715,151614,20899,15.99,Schneider Services,PO100485
2024-11,ATL01,AMER-East,OPS-DC,Power Opex,111674,120770,9096,8.15,ABB Services,PO100486
2024-11,ATL01,AMER-East,ENG-SVC,Capex Replacement,314629,292905,-21724,-6.9,Schneider Services,PO100487
2024-11,ATL01,AMER-East,OPS-DC,Vendor Services,52024,49132,-2892,-5.56,FacilityPro,PO100488
2024-11,CHI01,AMER-East,OPS-DC,Maintenance Opex,131726,133383,1657,1.26,FacilityPro,PO100489
2024-11,CHI01,AMER-East,OPS-DC,Power Opex,224958,208223,-16735,-7.44,Schneider Services,PO100490
2024-11,CHI01,AMER-East,OPS-DC,Capex Replacement,185984,197896,11912,6.4,Vertiv Services,PO100491
2024-11,CHI01,AMER-East,OPS-DC,Vendor Services,48114,46778,-1336,-2.78,EcoCool,PO100492
2024-11,DAL01,AMER-Central,ENG-SVC,Maintenance Opex,320826,341095,20269,6.32,Schneider Services,PO100493
2024-11,DAL01,AMER-Central,ENG-SVC,Power Opex,393035,374351,-18684,-4.75,CBRE Ops,PO100494
2024-11,DAL01,AMER-Central,OPS-FAC,Capex Replacement,351277,349249,-2028,-0.58,CBRE Ops,PO100495
2024-11,DAL01,AMER-Central,OPS-FAC,Vendor Services,101198,104992,3794,3.75,FacilityPro,PO100496
2024-11,DEN01,AMER-Central,OPS-FAC,Maintenance Opex,51482,55753,4271,8.3,Vertiv Services,PO100497
2024-11,DEN01,AMER-Central,FIN-CAPEX,Power Opex,87018,83940,-3078,-3.54,Vertiv Services,PO100498
2024-11,DEN01,AMER-Central,OPS-DC,Capex Replacement,35043,39491,4448,12.69,CBRE Ops,PO100499
2024-11,DEN01,AMER-Central,OPS-DC,Vendor Services,18994,18112,-882,-4.64,FacilityPro,PO100500
2024-11,LAX01,AMER-West,FIN-CAPEX,Maintenance Opex,97795,109770,11975,12.25,Vertiv Services,PO100501
2024-11,LAX01,AMER-West,FIN-CAPEX,Power Opex,203795,214012,10217,5.01,DataVolt,PO100502
2024-11,LAX01,AMER-West,OPS-DC,Capex Replacement,159517,162736,3219,2.02,ABB Services,PO100503
2024-11,LAX01,AMER-West,OPS-DC,Vendor Services,17459,19103,1644,9.42,PowerGrid Mechanical,PO100504
2024-11,MIA01,AMER-Central,OPS-DC,Maintenance Opex,61412,62058,646,1.05,CBRE Ops,PO100505
2024-11,MIA01,AMER-Central,OPS-DC,Power Opex,94769,93156,-1613,-1.7,CBRE Ops,PO100506
2024-11,MIA01,AMER-Central,FIN-CAPEX,Capex Replacement,81369,91804,10435,12.82,DataVolt,PO100507
2024-11,MIA01,AMER-Central,OPS-FAC,Vendor Services,15380,15406,26,0.17,Vertiv Services,PO100508
2024-11,NYC01,AMER-East,OPS-FAC,Maintenance Opex,126308,128675,2367,1.87,ABB Services,PO100509
2024-11,NYC01,AMER-East,OPS-DC,Power Opex,240969,224969,-16000,-6.64,Vertiv Services,PO100510
2024-11,NYC01,AMER-East,ENG-SVC,Capex Replacement,185558,201950,16392,8.83,DataVolt,PO100511
2024-11,NYC01,AMER-East,ENG-SVC,Vendor Services,39042,38511,-531,-1.36,Schneider Services,PO100512
2024-11,PHX01,AMER-West,FIN-CAPEX,Maintenance Opex,100677,115412,14735,14.64,Schneider Services,PO100513
2024-11,PHX01,AMER-West,ENG-SVC,Power Opex,137072,131838,-5234,-3.82,CBRE Ops,PO100514
2024-11,PHX01,AMER-West,OPS-DC,Capex Replacement,131327,143810,12483,9.51,PowerGrid Mechanical,PO100515
2024-11,PHX01,AMER-West,FIN-CAPEX,Vendor Services,39267,38092,-1175,-2.99,CBRE Ops,PO100516
2024-11,SEA01,AMER-West,OPS-DC,Maintenance Opex,146886,143932,-2954,-2.01,Vertiv Services,PO100517
2024-11,SEA01,AMER-West,OPS-FAC,Power Opex,96685,92408,-4277,-4.42,PowerGrid Mechanical,PO100518
2024-11,SEA01,AMER-West,OPS-FAC,Capex Replacement,110496,123362,12866,11.64,Vertiv Services,PO100519
2024-11,SEA01,AMER-West,OPS-DC,Vendor Services,47141,47498,357,0.76,Vertiv Services,PO100520
2024-11,SJC01,AMER-West,ENG-SVC,Maintenance Opex,300671,307245,6574,2.19,PowerGrid Mechanical,PO100521
2024-11,SJC01,AMER-West,OPS-DC,Power Opex,515453,479323,-36130,-7.01,CBRE Ops,PO100522
2024-11,SJC01,AMER-West,OPS-FAC,Capex Replacement,277572,309656,32084,11.56,EcoCool,PO100523
2024-11,SJC01,AMER-West,FIN-CAPEX,Vendor Services,59495,60354,859,1.44,EcoCool,PO100524
2024-11,TOR01,AMER-Central,ENG-SVC,Maintenance Opex,196185,197060,875,0.45,DataVolt,PO100525
2024-11,TOR01,AMER-Central,OPS-DC,Power Opex,195586,181589,-13997,-7.16,FacilityPro,PO100526
2024-11,TOR01,AMER-Central,ENG-SVC,Capex Replacement,214367,228056,13689,6.39,FacilityPro,PO100527
2024-11,TOR01,AMER-Central,OPS-DC,Vendor Services,58723,68103,9380,15.97,Schneider Services,PO100528
2024-12,ASH01,AMER-East,ENG-SVC,Maintenance Opex,283482,326945,43463,15.33,EcoCool,PO100529
2024-12,ASH01,AMER-East,FIN-CAPEX,Power Opex,381942,438051,56109,14.69,DataVolt,PO100530
2024-12,ASH01,AMER-East,OPS-FAC,Capex Replacement,419137,476819,57682,13.76,ABB Services,PO100531
2024-12,ASH01,AMER-East,OPS-DC,Vendor Services,96300,93397,-2903,-3.01,EcoCool,PO100532
2024-12,ATL01,AMER-East,OPS-FAC,Maintenance Opex,108599,108395,-204,-0.19,CBRE Ops,PO100533
2024-12,ATL01,AMER-East,OPS-DC,Power Opex,111004,112562,1558,1.4,EcoCool,PO100534
2024-12,ATL01,AMER-East,OPS-DC,Capex Replacement,209488,203214,-6274,-2.99,FacilityPro,PO100535
2024-12,ATL01,AMER-East,OPS-DC,Vendor Services,27142,25079,-2063,-7.6,CBRE Ops,PO100536
2024-12,CHI01,AMER-East,FIN-CAPEX,Maintenance Opex,182783,193986,11203,6.13,Vertiv Services,PO100537
2024-12,CHI01,AMER-East,ENG-SVC,Power Opex,206917,198189,-8728,-4.22,EcoCool,PO100538
2024-12,CHI01,AMER-East,ENG-SVC,Capex Replacement,251796,245177,-6619,-2.63,DataVolt,PO100539
2024-12,CHI01,AMER-East,FIN-CAPEX,Vendor Services,59226,58975,-251,-0.42,Vertiv Services,PO100540
2024-12,DAL01,AMER-Central,OPS-FAC,Maintenance Opex,337895,343738,5843,1.73,FacilityPro,PO100541
2024-12,DAL01,AMER-Central,OPS-FAC,Power Opex,399376,413826,14450,3.62,ABB Services,PO100542
2024-12,DAL01,AMER-Central,ENG-SVC,Capex Replacement,526792,553208,26416,5.01,ABB Services,PO100543
2024-12,DAL01,AMER-Central,OPS-DC,Vendor Services,101239,98388,-2851,-2.82,PowerGrid Mechanical,PO100544
2024-12,DEN01,AMER-Central,FIN-CAPEX,Maintenance Opex,70871,79138,8267,11.66,EcoCool,PO100545
2024-12,DEN01,AMER-Central,OPS-DC,Power Opex,117854,109874,-7980,-6.77,CBRE Ops,PO100546
2024-12,DEN01,AMER-Central,ENG-SVC,Capex Replacement,116156,130267,14111,12.15,Vertiv Services,PO100547
2024-12,DEN01,AMER-Central,OPS-DC,Vendor Services,25028,27745,2717,10.86,ABB Services,PO100548
2024-12,LAX01,AMER-West,ENG-SVC,Maintenance Opex,162616,166496,3880,2.39,Schneider Services,PO100549
2024-12,LAX01,AMER-West,OPS-DC,Power Opex,179496,190579,11083,6.17,FacilityPro,PO100550
2024-12,LAX01,AMER-West,FIN-CAPEX,Capex Replacement,243185,255405,12220,5.02,ABB Services,PO100551
2024-12,LAX01,AMER-West,OPS-FAC,Vendor Services,37333,42453,5120,13.71,Vertiv Services,PO100552
2024-12,MIA01,AMER-Central,ENG-SVC,Maintenance Opex,32391,32491,100,0.31,EcoCool,PO100553
2024-12,MIA01,AMER-Central,FIN-CAPEX,Power Opex,78328,88357,10029,12.8,Vertiv Services,PO100554
2024-12,MIA01,AMER-Central,OPS-FAC,Capex Replacement,23372,22550,-822,-3.52,EcoCool,PO100555
2024-12,MIA01,AMER-Central,ENG-SVC,Vendor Services,9420,8761,-659,-7.0,PowerGrid Mechanical,PO100556
2024-12,NYC01,AMER-East,OPS-DC,Maintenance Opex,139021,129320,-9701,-6.98,PowerGrid Mechanical,PO100557
2024-12,NYC01,AMER-East,OPS-DC,Power Opex,223161,211163,-11998,-5.38,CBRE Ops,PO100558
2024-12,NYC01,AMER-East,ENG-SVC,Capex Replacement,218171,234670,16499,7.56,Schneider Services,PO100559
2024-12,NYC01,AMER-East,ENG-SVC,Vendor Services,18922,21306,2384,12.6,DataVolt,PO100560
2024-12,PHX01,AMER-West,FIN-CAPEX,Maintenance Opex,64824,72440,7616,11.75,DataVolt,PO100561
2024-12,PHX01,AMER-West,OPS-FAC,Power Opex,146551,142547,-4004,-2.73,EcoCool,PO100562
2024-12,PHX01,AMER-West,FIN-CAPEX,Capex Replacement,53643,51620,-2023,-3.77,ABB Services,PO100563
2024-12,PHX01,AMER-West,ENG-SVC,Vendor Services,21864,22976,1112,5.09,ABB Services,PO100564
2024-12,SEA01,AMER-West,OPS-DC,Maintenance Opex,103165,98423,-4742,-4.6,ABB Services,PO100565
2024-12,SEA01,AMER-West,OPS-DC,Power Opex,89850,94115,4265,4.75,CBRE Ops,PO100566
2024-12,SEA01,AMER-West,OPS-FAC,Capex Replacement,92467,100892,8425,9.11,ABB Services,PO100567
2024-12,SEA01,AMER-West,OPS-DC,Vendor Services,30029,31995,1966,6.55,CBRE Ops,PO100568
2024-12,SJC01,AMER-West,OPS-DC,Maintenance Opex,287091,279821,-7270,-2.53,Schneider Services,PO100569
2024-12,SJC01,AMER-West,ENG-SVC,Power Opex,334194,364099,29905,8.95,EcoCool,PO100570
2024-12,SJC01,AMER-West,OPS-FAC,Capex Replacement,407869,458420,50551,12.39,CBRE Ops,PO100571
2024-12,SJC01,AMER-West,OPS-DC,Vendor Services,97639,100550,2911,2.98,ABB Services,PO100572
2024-12,TOR01,AMER-Central,ENG-SVC,Maintenance Opex,94527,97377,2850,3.02,DataVolt,PO100573
2024-12,TOR01,AMER-Central,OPS-FAC,Power Opex,149642,153877,4235,2.83,FacilityPro,PO100574
2024-12,TOR01,AMER-Central,OPS-DC,Capex Replacement,96589,106209,9620,9.96,PowerGrid Mechanical,PO100575
2024-12,TOR01,AMER-Central,FIN-CAPEX,Vendor Services,33497,33864,367,1.1,CBRE Ops,PO100576
2025-01,ASH01,AMER-East,ENG-SVC,Maintenance Opex,241152,270580,29428,12.2,DataVolt,PO100577
2025-01,ASH01,AMER-East,ENG-SVC,Power Opex,442240,505174,62934,14.23,ABB Services,PO100578
2025-01,ASH01,AMER-East,FIN-CAPEX,Capex Replacement,353388,404568,51180,14.48,Schneider Services,PO100579
2025-01,ASH01,AMER-East,OPS-FAC,Vendor Services,80973,86491,5518,6.81,EcoCool,PO100580
2025-01,ATL01,AMER-East,FIN-CAPEX,Maintenance Opex,120247,118920,-1327,-1.1,CBRE Ops,PO100581
2025-01,ATL01,AMER-East,ENG-SVC,Power Opex,129425,131047,1622,1.25,EcoCool,PO100582
2025-01,ATL01,AMER-East,OPS-DC,Capex Replacement,220856,244568,23712,10.74,DataVolt,PO100583
2025-01,ATL01,AMER-East,OPS-FAC,Vendor Services,36469,38604,2135,5.85,CBRE Ops,PO100584
2025-01,CHI01,AMER-East,OPS-DC,Maintenance Opex,163773,153383,-10390,-6.34,EcoCool,PO100585
2025-01,CHI01,AMER-East,OPS-DC,Power Opex,195328,219226,23898,12.23,PowerGrid Mechanical,PO100586
2025-01,CHI01,AMER-East,FIN-CAPEX,Capex Replacement,215861,226627,10766,4.99,Vertiv Services,PO100587
2025-01,CHI01,AMER-East,OPS-FAC,Vendor Services,41681,46951,5270,12.64,CBRE Ops,PO100588
2025-01,DAL01,AMER-Central,OPS-FAC,Maintenance Opex,302893,300232,-2661,-0.88,Vertiv Services,PO100589
2025-01,DAL01,AMER-Central,OPS-DC,Power Opex,466161,486568,20407,4.38,EcoCool,PO100590
2025-01,DAL01,AMER-Central,OPS-DC,Capex Replacement,402083,395873,-6210,-1.54,ABB Services,PO100591
2025-01,DAL01,AMER-Central,OPS-DC,Vendor Services,68203,78899,10696,15.68,Vertiv Services,PO100592
2025-01,DEN01,AMER-Central,OPS-FAC,Maintenance Opex,25513,28985,3472,13.61,ABB Services,PO100593
2025-01,DEN01,AMER-Central,OPS-DC,Power Opex,101074,106295,5221,5.17,EcoCool,PO100594
2025-01,DEN01,AMER-Central,OPS-DC,Capex Replacement,19648,22579,2931,14.92,Vertiv Services,PO100595
2025-01,DEN01,AMER-Central,OPS-FAC,Vendor Services,6795,6526,-269,-3.96,EcoCool,PO100596
2025-01,LAX01,AMER-West,OPS-DC,Maintenance Opex,138978,155598,16620,11.96,FacilityPro,PO100597
2025-01,LAX01,AMER-West,OPS-DC,Power Opex,150956,170914,19958,13.22,EcoCool,PO100598
2025-01,LAX01,AMER-West,OPS-FAC,Capex Replacement,182496,182032,-464,-0.25,PowerGrid Mechanical,PO100599
2025-01,LAX01,AMER-West,ENG-SVC,Vendor Services,38474,36865,-1609,-4.18,FacilityPro,PO100600
2025-01,MIA01,AMER-Central,OPS-DC,Maintenance Opex,34319,32786,-1533,-4.47,ABB Services,PO100601
2025-01,MIA01,AMER-Central,OPS-FAC,Power Opex,96398,90871,-5527,-5.73,ABB Services,PO100602
2025-01,MIA01,AMER-Central,OPS-FAC,Capex Replacement,31038,31952,914,2.94,PowerGrid Mechanical,PO100603
2025-01,MIA01,AMER-Central,FIN-CAPEX,Vendor Services,5818,5679,-139,-2.39,FacilityPro,PO100604
2025-01,NYC01,AMER-East,OPS-DC,Maintenance Opex,121594,134774,13180,10.84,PowerGrid Mechanical,PO100605
2025-01,NYC01,AMER-East,OPS-FAC,Power Opex,204658,220717,16059,7.85,FacilityPro,PO100606
2025-01,NYC01,AMER-East,OPS-FAC,Capex Replacement,204404,217050,12646,6.19,ABB Services,PO100607
2025-01,NYC01,AMER-East,OPS-FAC,Vendor Services,46037,46612,575,1.25,CBRE Ops,PO100608
2025-01,PHX01,AMER-West,OPS-DC,Maintenance Opex,65972,75353,9381,14.22,Schneider Services,PO100609
2025-01,PHX01,AMER-West,OPS-FAC,Power Opex,150253,142188,-8065,-5.37,PowerGrid Mechanical,PO100610
2025-01,PHX01,AMER-West,ENG-SVC,Capex Replacement,47998,47211,-787,-1.64,FacilityPro,PO100611
2025-01,PHX01,AMER-West,ENG-SVC,Vendor Services,12887,13965,1078,8.37,DataVolt,PO100612
2025-01,SEA01,AMER-West,ENG-SVC,Maintenance Opex,102654,106995,4341,4.23,PowerGrid Mechanical,PO100613
2025-01,SEA01,AMER-West,OPS-FAC,Power Opex,104680,105051,371,0.35,DataVolt,PO100614
2025-01,SEA01,AMER-West,OPS-DC,Capex Replacement,85903,85357,-546,-0.64,Vertiv Services,PO100615
2025-01,SEA01,AMER-West,OPS-DC,Vendor Services,26333,30276,3943,14.97,EcoCool,PO100616
2025-01,SJC01,AMER-West,OPS-FAC,Maintenance Opex,214134,243415,29281,13.67,Schneider Services,PO100617
2025-01,SJC01,AMER-West,FIN-CAPEX,Power Opex,377386,402978,25592,6.78,ABB Services,PO100618
2025-01,SJC01,AMER-West,OPS-DC,Capex Replacement,469125,485663,16538,3.53,PowerGrid Mechanical,PO100619
2025-01,SJC01,AMER-West,OPS-DC,Vendor Services,46817,46286,-531,-1.13,DataVolt,PO100620
2025-01,TOR01,AMER-Central,ENG-SVC,Maintenance Opex,204959,203305,-1654,-0.81,ABB Services,PO100621
2025-01,TOR01,AMER-Central,OPS-DC,Power Opex,191769,210670,18901,9.86,DataVolt,PO100622
2025-01,TOR01,AMER-Central,FIN-CAPEX,Capex Replacement,203071,211521,8450,4.16,ABB Services,PO100623
2025-01,TOR01,AMER-Central,OPS-DC,Vendor Services,60052,65319,5267,8.77,EcoCool,PO100624
2025-02,ASH01,AMER-East,FIN-CAPEX,Maintenance Opex,262597,286081,23484,8.94,PowerGrid Mechanical,PO100625
2025-02,ASH01,AMER-East,FIN-CAPEX,Power Opex,404179,427439,23260,5.75,Vertiv Services,PO100626
2025-02,ASH01,AMER-East,OPS-DC,Capex Replacement,427775,490015,62240,14.55,CBRE Ops,PO100627
2025-02,ASH01,AMER-East,FIN-CAPEX,Vendor Services,75259,72131,-3128,-4.16,Schneider Services,PO100628
2025-02,ATL01,AMER-East,OPS-DC,Maintenance Opex,107966,104823,-3143,-2.91,Vertiv Services,PO100629
2025-02,ATL01,AMER-East,OPS-FAC,Power Opex,103709,102283,-1426,-1.38,Schneider Services,PO100630
2025-02,ATL01,AMER-East,OPS-DC,Capex Replacement,167062,173868,6806,4.07,DataVolt,PO100631
2025-02,ATL01,AMER-East,ENG-SVC,Vendor Services,29622,29274,-348,-1.17,EcoCool,PO100632
2025-02,CHI01,AMER-East,OPS-DC,Maintenance Opex,148494,157001,8507,5.73,PowerGrid Mechanical,PO100633
2025-02,CHI01,AMER-East,FIN-CAPEX,Power Opex,204988,209146,4158,2.03,CBRE Ops,PO100634
2025-02,CHI01,AMER-East,FIN-CAPEX,Capex Replacement,266492,250587,-15905,-5.97,Schneider Services,PO100635
2025-02,CHI01,AMER-East,ENG-SVC,Vendor Services,32361,31091,-1270,-3.92,EcoCool,PO100636
2025-02,DAL01,AMER-Central,OPS-FAC,Maintenance Opex,305664,329542,23878,7.81,PowerGrid Mechanical,PO100637
2025-02,DAL01,AMER-Central,FIN-CAPEX,Power Opex,440975,470748,29773,6.75,Schneider Services,PO100638
2025-02,DAL01,AMER-Central,OPS-DC,Capex Replacement,398898,380144,-18754,-4.7,ABB Services,PO100639
2025-02,DAL01,AMER-Central,OPS-FAC,Vendor Services,61997,58115,-3882,-6.26,EcoCool,PO100640
2025-02,DEN01,AMER-Central,ENG-SVC,Maintenance Opex,62664,60562,-2102,-3.35,EcoCool,PO100641
2025-02,DEN01,AMER-Central,OPS-DC,Power Opex,76083,86028,9945,13.07,EcoCool,PO100642
2025-02,DEN01,AMER-Central,FIN-CAPEX,Capex Replacement,41214,44206,2992,7.26,PowerGrid Mechanical,PO100643
2025-02,DEN01,AMER-Central,FIN-CAPEX,Vendor Services,10731,10589,-142,-1.32,Vertiv Services,PO100644
2025-02,LAX01,AMER-West,OPS-DC,Maintenance Opex,73547,82488,8941,12.16,CBRE Ops,PO100645
2025-02,LAX01,AMER-West,OPS-FAC,Power Opex,219618,221403,1785,0.81,Vertiv Services,PO100646
2025-02,LAX01,AMER-West,OPS-FAC,Capex Replacement,80060,81913,1853,2.31,PowerGrid Mechanical,PO100647
2025-02,LAX01,AMER-West,OPS-DC,Vendor Services,23409,22652,-757,-3.23,CBRE Ops,PO100648
2025-02,MIA01,AMER-Central,OPS-FAC,Maintenance Opex,73285,69865,-3420,-4.67,CBRE Ops,PO100649
2025-02,MIA01,AMER-Central,OPS-FAC,Power Opex,91220,105146,13926,15.27,EcoCool,PO100650
2025-02,MIA01,AMER-Central,FIN-CAPEX,Capex Replacement,101556,115265,13709,13.5,Schneider Services,PO100651
2025-02,MIA01,AMER-Central,OPS-DC,Vendor Services,16255,15644,-611,-3.76,Vertiv Services,PO100652
2025-02,NYC01,AMER-East,OPS-DC,Maintenance Opex,102712,105518,2806,2.73,EcoCool,PO100653
2025-02,NYC01,AMER-East,OPS-DC,Power Opex,206419,209041,2622,1.27,ABB Services,PO100654
2025-02,NYC01,AMER-East,OPS-FAC,Capex Replacement,138257,130011,-8246,-5.96,Vertiv Services,PO100655
2025-02,NYC01,AMER-East,OPS-DC,Vendor Services,29910,33400,3490,11.67,Vertiv Services,PO100656
2025-02,PHX01,AMER-West,OPS-DC,Maintenance Opex,76886,85682,8796,11.44,EcoCool,PO100657
2025-02,PHX01,AMER-West,OPS-DC,Power Opex,94687,106798,12111,12.79,DataVolt,PO100658
2025-02,PHX01,AMER-West,OPS-DC,Capex Replacement,87053,95142,8089,9.29,Schneider Services,PO100659
2025-02,PHX01,AMER-West,FIN-CAPEX,Vendor Services,28006,26406,-1600,-5.71,DataVolt,PO100660
2025-02,SEA01,AMER-West,OPS-FAC,Maintenance Opex,113927,127081,13154,11.55,CBRE Ops,PO100661
2025-02,SEA01,AMER-West,OPS-DC,Power Opex,82393,91174,8781,10.66,ABB Services,PO100662
2025-02,SEA01,AMER-West,OPS-DC,Capex Replacement,237646,219409,-18237,-7.67,PowerGrid Mechanical,PO100663
2025-02,SEA01,AMER-West,OPS-FAC,Vendor Services,33152,30795,-2357,-7.11,DataVolt,PO100664
2025-02,SJC01,AMER-West,OPS-FAC,Maintenance Opex,254587,263294,8707,3.42,FacilityPro,PO100665
2025-02,SJC01,AMER-West,OPS-FAC,Power Opex,476356,488818,12462,2.62,ABB Services,PO100666
2025-02,SJC01,AMER-West,OPS-DC,Capex Replacement,410860,449073,38213,9.3,ABB Services,PO100667
2025-02,SJC01,AMER-West,ENG-SVC,Vendor Services,39271,42329,3058,7.79,FacilityPro,PO100668
2025-02,TOR01,AMER-Central,ENG-SVC,Maintenance Opex,113431,123346,9915,8.74,Vertiv Services,PO100669
2025-02,TOR01,AMER-Central,FIN-CAPEX,Power Opex,176101,194589,18488,10.5,Vertiv Services,PO100670
2025-02,TOR01,AMER-Central,FIN-CAPEX,Capex Replacement,116542,132762,16220,13.92,EcoCool,PO100671
2025-02,TOR01,AMER-Central,FIN-CAPEX,Vendor Services,19659,21919,2260,11.5,Vertiv Services,PO100672
2025-03,ASH01,AMER-East,OPS-DC,Maintenance Opex,289331,331849,42518,14.7,DataVolt,PO100673
2025-03,ASH01,AMER-East,OPS-FAC,Power Opex,409783,382716,-27067,-6.61,DataVolt,PO100674
2025-03,ASH01,AMER-East,OPS-FAC,Capex Replacement,301096,340876,39780,13.21,PowerGrid Mechanical,PO100675
2025-03,ASH01,AMER-East,FIN-CAPEX,Vendor Services,97031,109075,12044,12.41,PowerGrid Mechanical,PO100676
2025-03,ATL01,AMER-East,FIN-CAPEX,Maintenance Opex,135110,152751,17641,13.06,PowerGrid Mechanical,PO100677
2025-03,ATL01,AMER-East,OPS-FAC,Power Opex,116852,116755,-97,-0.08,DataVolt,PO100678
2025-03,ATL01,AMER-East,FIN-CAPEX,Capex Replacement,197682,186581,-11101,-5.62,ABB Services,PO100679
2025-03,ATL01,AMER-East,FIN-CAPEX,Vendor Services,42630,48183,5553,13.03,DataVolt,PO100680
2025-03,CHI01,AMER-East,OPS-DC,Maintenance Opex,126776,137212,10436,8.23,CBRE Ops,PO100681
2025-03,CHI01,AMER-East,ENG-SVC,Power Opex,192762,190382,-2380,-1.23,EcoCool,PO100682
2025-03,CHI01,AMER-East,OPS-DC,Capex Replacement,195935,187972,-7963,-4.06,PowerGrid Mechanical,PO100683
2025-03,CHI01,AMER-East,OPS-DC,Vendor Services,48522,47250,-1272,-2.62,PowerGrid Mechanical,PO100684
2025-03,DAL01,AMER-Central,OPS-DC,Maintenance Opex,264359,288040,23681,8.96,CBRE Ops,PO100685
2025-03,DAL01,AMER-Central,OPS-DC,Power Opex,312034,350013,37979,12.17,FacilityPro,PO100686
2025-03,DAL01,AMER-Central,OPS-DC,Capex Replacement,246670,247982,1312,0.53,EcoCool,PO100687
2025-03,DAL01,AMER-Central,ENG-SVC,Vendor Services,61162,70600,9438,15.43,CBRE Ops,PO100688
2025-03,DEN01,AMER-Central,OPS-FAC,Maintenance Opex,48661,45199,-3462,-7.11,Vertiv Services,PO100689
2025-03,DEN01,AMER-Central,OPS-DC,Power Opex,89703,103565,13862,15.45,Schneider Services,PO100690
2025-03,DEN01,AMER-Central,ENG-SVC,Capex Replacement,30710,29589,-1121,-3.65,PowerGrid Mechanical,PO100691
2025-03,DEN01,AMER-Central,OPS-DC,Vendor Services,13895,14472,577,4.15,FacilityPro,PO100692
2025-03,LAX01,AMER-West,OPS-FAC,Maintenance Opex,134202,133036,-1166,-0.87,ABB Services,PO100693
2025-03,LAX01,AMER-West,FIN-CAPEX,Power Opex,187219,207471,20252,10.82,CBRE Ops,PO100694
2025-03,LAX01,AMER-West,OPS-DC,Capex Replacement,215946,225435,9489,4.39,FacilityPro,PO100695
2025-03,LAX01,AMER-West,FIN-CAPEX,Vendor Services,23423,25994,2571,10.98,Schneider Services,PO100696
2025-03,MIA01,AMER-Central,ENG-SVC,Maintenance Opex,61033,69869,8836,14.48,ABB Services,PO100697
2025-03,MIA01,AMER-Central,OPS-DC,Power Opex,111761,125132,13371,11.96,FacilityPro,PO100698
2025-03,MIA01,AMER-Central,ENG-SVC,Capex Replacement,92818,97288,4470,4.82,Vertiv Services,PO100699
2025-03,MIA01,AMER-Central,OPS-FAC,Vendor Services,17437,19193,1756,10.07,Schneider Services,PO100700
2025-03,NYC01,AMER-East,OPS-DC,Maintenance Opex,172510,189819,17309,10.03,Vertiv Services,PO100701
2025-03,NYC01,AMER-East,ENG-SVC,Power Opex,230035,215692,-14343,-6.24,Vertiv Services,PO100702
2025-03,NYC01,AMER-East,OPS-DC,Capex Replacement,311263,287029,-24234,-7.79,ABB Services,PO100703
2025-03,NYC01,AMER-East,OPS-DC,Vendor Services,59285,64160,4875,8.22,ABB Services,PO100704
2025-03,PHX01,AMER-West,ENG-SVC,Maintenance Opex,78656,77551,-1105,-1.4,Vertiv Services,PO100705
2025-03,PHX01,AMER-West,OPS-FAC,Power Opex,106133,113910,7777,7.33,Schneider Services,PO100706
2025-03,PHX01,AMER-West,ENG-SVC,Capex Replacement,93387,101472,8085,8.66,ABB Services,PO100707
2025-03,PHX01,AMER-West,ENG-SVC,Vendor Services,23362,25931,2569,11.0,ABB Services,PO100708
2025-03,SEA01,AMER-West,OPS-FAC,Maintenance Opex,134487,128336,-6151,-4.57,DataVolt,PO100709
2025-03,SEA01,AMER-West,OPS-DC,Power Opex,113251,117794,4543,4.01,PowerGrid Mechanical,PO100710
2025-03,SEA01,AMER-West,OPS-FAC,Capex Replacement,210620,212129,1509,0.72,EcoCool,PO100711
2025-03,SEA01,AMER-West,FIN-CAPEX,Vendor Services,35176,35781,605,1.72,PowerGrid Mechanical,PO100712
2025-03,SJC01,AMER-West,OPS-DC,Maintenance Opex,281261,263896,-17365,-6.17,DataVolt,PO100713
2025-03,SJC01,AMER-West,OPS-FAC,Power Opex,370675,411660,40985,11.06,PowerGrid Mechanical,PO100714
2025-03,SJC01,AMER-West,OPS-FAC,Capex Replacement,575788,559879,-15909,-2.76,FacilityPro,PO100715
2025-03,SJC01,AMER-West,OPS-DC,Vendor Services,72797,67187,-5610,-7.71,Schneider Services,PO100716
2025-03,TOR01,AMER-Central,FIN-CAPEX,Maintenance Opex,187696,177795,-9901,-5.28,EcoCool,PO100717
2025-03,TOR01,AMER-Central,OPS-DC,Power Opex,164166,172041,7875,4.8,CBRE Ops,PO100718
2025-03,TOR01,AMER-Central,OPS-DC,Capex Replacement,151156,147543,-3613,-2.39,EcoCool,PO100719
2025-03,TOR01,AMER-Central,OPS-DC,Vendor Services,38026,42350,4324,11.37,DataVolt,PO100720
2025-04,ASH01,AMER-East,OPS-DC,Maintenance Opex,264026,283739,19713,7.47,ABB Services,PO100721
2025-04,ASH01,AMER-East,FIN-CAPEX,Power Opex,510882,548882,38000,7.44,DataVolt,PO100722
2025-04,ASH01,AMER-East,OPS-FAC,Capex Replacement,400368,433232,32864,8.21,Schneider Services,PO100723
2025-04,ASH01,AMER-East,OPS-DC,Vendor Services,50267,53761,3494,6.95,DataVolt,PO100724
2025-04,ATL01,AMER-East,OPS-DC,Maintenance Opex,134611,146220,11609,8.62,DataVolt,PO100725
2025-04,ATL01,AMER-East,OPS-DC,Power Opex,112205,108932,-3273,-2.92,ABB Services,PO100726
2025-04,ATL01,AMER-East,OPS-DC,Capex Replacement,223594,256039,32445,14.51,ABB Services,PO100727
2025-04,ATL01,AMER-East,OPS-DC,Vendor Services,30413,28607,-1806,-5.94,ABB Services,PO100728
2025-04,CHI01,AMER-East,OPS-DC,Maintenance Opex,98938,113651,14713,14.87,CBRE Ops,PO100729
2025-04,CHI01,AMER-East,OPS-DC,Power Opex,225178,258044,32866,14.6,Schneider Services,PO100730
2025-04,CHI01,AMER-East,FIN-CAPEX,Capex Replacement,177625,172756,-4869,-2.74,DataVolt,PO100731
2025-04,CHI01,AMER-East,OPS-DC,Vendor Services,28154,32155,4001,14.21,Vertiv Services,PO100732
2025-04,DAL01,AMER-Central,OPS-FAC,Maintenance Opex,314129,348667,34538,10.99,FacilityPro,PO100733
2025-04,DAL01,AMER-Central,OPS-FAC,Power Opex,495374,479390,-15984,-3.23,Schneider Services,PO100734
2025-04,DAL01,AMER-Central,OPS-DC,Capex Replacement,264730,287867,23137,8.74,DataVolt,PO100735
2025-04,DAL01,AMER-Central,FIN-CAPEX,Vendor Services,109404,118917,9513,8.7,ABB Services,PO100736
2025-04,DEN01,AMER-Central,OPS-DC,Maintenance Opex,49360,45524,-3836,-7.77,PowerGrid Mechanical,PO100737
2025-04,DEN01,AMER-Central,ENG-SVC,Power Opex,70163,79680,9517,13.56,Schneider Services,PO100738
2025-04,DEN01,AMER-Central,FIN-CAPEX,Capex Replacement,35165,34781,-384,-1.09,CBRE Ops,PO100739
2025-04,DEN01,AMER-Central,OPS-DC,Vendor Services,9208,10065,857,9.31,PowerGrid Mechanical,PO100740
2025-04,LAX01,AMER-West,OPS-DC,Maintenance Opex,154246,160282,6036,3.91,EcoCool,PO100741
2025-04,LAX01,AMER-West,OPS-DC,Power Opex,213333,215126,1793,0.84,Vertiv Services,PO100742
2025-04,LAX01,AMER-West,OPS-FAC,Capex Replacement,225330,257161,31831,14.13,Schneider Services,PO100743
2025-04,LAX01,AMER-West,OPS-FAC,Vendor Services,28430,26717,-1713,-6.03,EcoCool,PO100744
2025-04,MIA01,AMER-Central,OPS-FAC,Maintenance Opex,84263,81620,-2643,-3.14,EcoCool,PO100745
2025-04,MIA01,AMER-Central,OPS-DC,Power Opex,100825,116628,15803,15.67,FacilityPro,PO100746
2025-04,MIA01,AMER-Central,FIN-CAPEX,Capex Replacement,116934,114562,-2372,-2.03,PowerGrid Mechanical,PO100747
2025-04,MIA01,AMER-Central,OPS-DC,Vendor Services,25924,25196,-728,-2.81,DataVolt,PO100748
2025-04,NYC01,AMER-East,OPS-FAC,Maintenance Opex,105591,108951,3360,3.18,Vertiv Services,PO100749
2025-04,NYC01,AMER-East,OPS-DC,Power Opex,236233,217938,-18295,-7.74,CBRE Ops,PO100750
2025-04,NYC01,AMER-East,OPS-DC,Capex Replacement,105235,109248,4013,3.81,EcoCool,PO100751
2025-04,NYC01,AMER-East,OPS-FAC,Vendor Services,16298,18108,1810,11.11,FacilityPro,PO100752
2025-04,PHX01,AMER-West,OPS-FAC,Maintenance Opex,77719,74098,-3621,-4.66,FacilityPro,PO100753
2025-04,PHX01,AMER-West,OPS-DC,Power Opex,128740,131055,2315,1.8,Vertiv Services,PO100754
2025-04,PHX01,AMER-West,FIN-CAPEX,Capex Replacement,90607,84884,-5723,-6.32,FacilityPro,PO100755
2025-04,PHX01,AMER-West,OPS-FAC,Vendor Services,20303,22865,2562,12.62,PowerGrid Mechanical,PO100756
2025-04,SEA01,AMER-West,OPS-DC,Maintenance Opex,101176,100062,-1114,-1.1,Vertiv Services,PO100757
2025-04,SEA01,AMER-West,OPS-FAC,Power Opex,104748,109643,4895,4.67,EcoCool,PO100758
2025-04,SEA01,AMER-West,FIN-CAPEX,Capex Replacement,120554,131125,10571,8.77,ABB Services,PO100759
2025-04,SEA01,AMER-West,OPS-DC,Vendor Services,26215,28631,2416,9.22,ABB Services,PO100760
2025-04,SJC01,AMER-West,OPS-DC,Maintenance Opex,302917,300865,-2052,-0.68,FacilityPro,PO100761
2025-04,SJC01,AMER-West,OPS-FAC,Power Opex,453549,437162,-16387,-3.61,FacilityPro,PO100762
2025-04,SJC01,AMER-West,FIN-CAPEX,Capex Replacement,321061,319317,-1744,-0.54,DataVolt,PO100763
2025-04,SJC01,AMER-West,OPS-DC,Vendor Services,72856,71974,-882,-1.21,ABB Services,PO100764
2025-04,TOR01,AMER-Central,OPS-FAC,Maintenance Opex,134183,145500,11317,8.43,FacilityPro,PO100765
2025-04,TOR01,AMER-Central,OPS-FAC,Power Opex,208706,204182,-4524,-2.17,DataVolt,PO100766
2025-04,TOR01,AMER-Central,FIN-CAPEX,Capex Replacement,108604,119755,11151,10.27,Schneider Services,PO100767
2025-04,TOR01,AMER-Central,OPS-FAC,Vendor Services,28053,28797,744,2.65,ABB Services,PO100768
2025-05,ASH01,AMER-East,FIN-CAPEX,Maintenance Opex,370698,373164,2466,0.67,Vertiv Services,PO100769
2025-05,ASH01,AMER-East,FIN-CAPEX,Power Opex,395876,452703,56827,14.35,EcoCool,PO100770
2025-05,ASH01,AMER-East,OPS-DC,Capex Replacement,514409,569377,54968,10.69,PowerGrid Mechanical,PO100771
2025-05,ASH01,AMER-East,ENG-SVC,Vendor Services,62737,71764,9027,14.39,PowerGrid Mechanical,PO100772
2025-05,ATL01,AMER-East,OPS-FAC,Maintenance Opex,145710,140005,-5705,-3.92,CBRE Ops,PO100773
2025-05,ATL01,AMER-East,OPS-DC,Power Opex,123008,123111,103,0.08,FacilityPro,PO100774
2025-05,ATL01,AMER-East,FIN-CAPEX,Capex Replacement,232955,255496,22541,9.68,Vertiv Services,PO100775
2025-05,ATL01,AMER-East,OPS-FAC,Vendor Services,32283,32927,644,1.99,CBRE Ops,PO100776
2025-05,CHI01,AMER-East,FIN-CAPEX,Maintenance Opex,175978,174322,-1656,-0.94,Vertiv Services,PO100777
2025-05,CHI01,AMER-East,OPS-DC,Power Opex,174953,189341,14388,8.22,ABB Services,PO100778
2025-05,CHI01,AMER-East,OPS-DC,Capex Replacement,221253,232841,11588,5.24,Schneider Services,PO100779
2025-05,CHI01,AMER-East,OPS-FAC,Vendor Services,44787,48582,3795,8.47,CBRE Ops,PO100780
2025-05,DAL01,AMER-Central,FIN-CAPEX,Maintenance Opex,195817,225020,29203,14.91,FacilityPro,PO100781
2025-05,DAL01,AMER-Central,OPS-FAC,Power Opex,379185,382223,3038,0.8,ABB Services,PO100782
2025-05,DAL01,AMER-Central,OPS-DC,Capex Replacement,278368,281937,3569,1.28,Vertiv Services,PO100783
2025-05,DAL01,AMER-Central,OPS-DC,Vendor Services,72321,71509,-812,-1.12,CBRE Ops,PO100784
2025-05,DEN01,AMER-Central,FIN-CAPEX,Maintenance Opex,79766,75295,-4471,-5.61,EcoCool,PO100785
2025-05,DEN01,AMER-Central,OPS-DC,Power Opex,97003,108208,11205,11.55,EcoCool,PO100786
2025-05,DEN01,AMER-Central,OPS-FAC,Capex Replacement,123023,115165,-7858,-6.39,EcoCool,PO100787
2025-05,DEN01,AMER-Central,FIN-CAPEX,Vendor Services,23672,23865,193,0.82,ABB Services,PO100788
2025-05,LAX01,AMER-West,OPS-DC,Maintenance Opex,156526,158225,1699,1.09,CBRE Ops,PO100789
2025-05,LAX01,AMER-West,OPS-DC,Power Opex,196862,219964,23102,11.74,FacilityPro,PO100790
2025-05,LAX01,AMER-West,OPS-DC,Capex Replacement,176624,197511,20887,11.83,DataVolt,PO100791
2025-05,LAX01,AMER-West,ENG-SVC,Vendor Services,36213,33686,-2527,-6.98,FacilityPro,PO100792
2025-05,MIA01,AMER-Central,FIN-CAPEX,Maintenance Opex,65228,69336,4108,6.3,PowerGrid Mechanical,PO100793
2025-05,MIA01,AMER-Central,ENG-SVC,Power Opex,82191,88215,6024,7.33,Schneider Services,PO100794
2025-05,MIA01,AMER-Central,OPS-DC,Capex Replacement,95065,100276,5211,5.48,Schneider Services,PO100795
2025-05,MIA01,AMER-Central,OPS-DC,Vendor Services,16631,16624,-7,-0.04,PowerGrid Mechanical,PO100796
2025-05,NYC01,AMER-East,OPS-DC,Maintenance Opex,80621,91106,10485,13.01,ABB Services,PO100797
2025-05,NYC01,AMER-East,OPS-DC,Power Opex,225911,213690,-12221,-5.41,EcoCool,PO100798
2025-05,NYC01,AMER-East,OPS-DC,Capex Replacement,116720,123831,7111,6.09,DataVolt,PO100799
2025-05,NYC01,AMER-East,FIN-CAPEX,Vendor Services,31204,30949,-255,-0.82,EcoCool,PO100800
2025-05,PHX01,AMER-West,OPS-FAC,Maintenance Opex,63987,59082,-4905,-7.67,CBRE Ops,PO100801
2025-05,PHX01,AMER-West,OPS-FAC,Power Opex,139750,129295,-10455,-7.48,Vertiv Services,PO100802
2025-05,PHX01,AMER-West,OPS-FAC,Capex Replacement,54326,50106,-4220,-7.77,FacilityPro,PO100803
2025-05,PHX01,AMER-West,ENG-SVC,Vendor Services,14728,14261,-467,-3.17,PowerGrid Mechanical,PO100804
2025-05,SEA01,AMER-West,OPS-DC,Maintenance Opex,122725,122942,217,0.18,EcoCool,PO100805
2025-05,SEA01,AMER-West,OPS-DC,Power Opex,92556,102285,9729,10.51,Vertiv Services,PO100806
2025-05,SEA01,AMER-West,FIN-CAPEX,Capex Replacement,141600,158886,17286,12.21,Schneider Services,PO100807
2025-05,SEA01,AMER-West,FIN-CAPEX,Vendor Services,29694,30014,320,1.08,Schneider Services,PO100808
2025-05,SJC01,AMER-West,OPS-DC,Maintenance Opex,310648,315735,5087,1.64,Schneider Services,PO100809
2025-05,SJC01,AMER-West,FIN-CAPEX,Power Opex,450917,435787,-15130,-3.36,FacilityPro,PO100810
2025-05,SJC01,AMER-West,FIN-CAPEX,Capex Replacement,512319,567263,54944,10.72,ABB Services,PO100811
2025-05,SJC01,AMER-West,ENG-SVC,Vendor Services,58479,67548,9069,15.51,FacilityPro,PO100812
2025-05,TOR01,AMER-Central,OPS-FAC,Maintenance Opex,139282,154592,15310,10.99,FacilityPro,PO100813
2025-05,TOR01,AMER-Central,FIN-CAPEX,Power Opex,205463,208190,2727,1.33,Schneider Services,PO100814
2025-05,TOR01,AMER-Central,FIN-CAPEX,Capex Replacement,187814,198757,10943,5.83,FacilityPro,PO100815
2025-05,TOR01,AMER-Central,FIN-CAPEX,Vendor Services,25515,27524,2009,7.87,Schneider Services,PO100816
2025-06,ASH01,AMER-East,OPS-DC,Maintenance Opex,308710,353197,44487,14.41,EcoCool,PO100817
2025-06,ASH01,AMER-East,OPS-FAC,Power Opex,460041,517163,57122,12.42,DataVolt,PO100818
2025-06,ASH01,AMER-East,ENG-SVC,Capex Replacement,311439,360234,48795,15.67,CBRE Ops,PO100819
2025-06,ASH01,AMER-East,OPS-FAC,Vendor Services,100499,112923,12424,12.36,DataVolt,PO100820
2025-06,ATL01,AMER-East,FIN-CAPEX,Maintenance Opex,170834,169914,-920,-0.54,PowerGrid Mechanical,PO100821
2025-06,ATL01,AMER-East,FIN-CAPEX,Power Opex,85208,96232,11024,12.94,DataVolt,PO100822
2025-06,ATL01,AMER-East,ENG-SVC,Capex Replacement,200511,221145,20634,10.29,PowerGrid Mechanical,PO100823
2025-06,ATL01,AMER-East,OPS-DC,Vendor Services,56635,54995,-1640,-2.9,CBRE Ops,PO100824
2025-06,CHI01,AMER-East,OPS-DC,Maintenance Opex,154239,178077,23838,15.46,Schneider Services,PO100825
2025-06,CHI01,AMER-East,OPS-FAC,Power Opex,247838,237811,-10027,-4.05,Vertiv Services,PO100826
2025-06,CHI01,AMER-East,OPS-FAC,Capex Replacement,256789,280653,23864,9.29,ABB Services,PO100827
2025-06,CHI01,AMER-East,OPS-DC,Vendor Services,35486,37438,1952,5.5,DataVolt,PO100828
2025-06,DAL01,AMER-Central,OPS-DC,Maintenance Opex,292185,335131,42946,14.7,CBRE Ops,PO100829
2025-06,DAL01,AMER-Central,FIN-CAPEX,Power Opex,445034,470475,25441,5.72,CBRE Ops,PO100830
2025-06,DAL01,AMER-Central,FIN-CAPEX,Capex Replacement,354067,369584,15517,4.38,ABB Services,PO100831
2025-06,DAL01,AMER-Central,OPS-DC,Vendor Services,80551,85842,5291,6.57,FacilityPro,PO100832
2025-06,DEN01,AMER-Central,OPS-FAC,Maintenance Opex,51237,57094,5857,11.43,EcoCool,PO100833
2025-06,DEN01,AMER-Central,OPS-DC,Power Opex,101497,107151,5654,5.57,EcoCool,PO100834
2025-06,DEN01,AMER-Central,OPS-DC,Capex Replacement,61739,64662,2923,4.73,CBRE Ops,PO100835
2025-06,DEN01,AMER-Central,OPS-DC,Vendor Services,17910,17661,-249,-1.39,Schneider Services,PO100836
2025-06,LAX01,AMER-West,FIN-CAPEX,Maintenance Opex,182795,186676,3881,2.12,CBRE Ops,PO100837
2025-06,LAX01,AMER-West,ENG-SVC,Power Opex,228831,213938,-14893,-6.51,DataVolt,PO100838
2025-06,LAX01,AMER-West,OPS-DC,Capex Replacement,345567,322969,-22598,-6.54,EcoCool,PO100839
2025-06,LAX01,AMER-West,ENG-SVC,Vendor Services,48864,46874,-1990,-4.07,ABB Services,PO100840
2025-06,MIA01,AMER-Central,FIN-CAPEX,Maintenance Opex,29226,33862,4636,15.86,EcoCool,PO100841
2025-06,MIA01,AMER-Central,OPS-DC,Power Opex,103900,110843,6943,6.68,CBRE Ops,PO100842
2025-06,MIA01,AMER-Central,FIN-CAPEX,Capex Replacement,46539,45082,-1457,-3.13,ABB Services,PO100843
2025-06,MIA01,AMER-Central,OPS-DC,Vendor Services,10011,10629,618,6.17,Schneider Services,PO100844
2025-06,NYC01,AMER-East,OPS-DC,Maintenance Opex,144147,158844,14697,10.2,PowerGrid Mechanical,PO100845
2025-06,NYC01,AMER-East,ENG-SVC,Power Opex,218018,243890,25872,11.87,CBRE Ops,PO100846
2025-06,NYC01,AMER-East,OPS-DC,Capex Replacement,243824,261679,17855,7.32,CBRE Ops,PO100847
2025-06,NYC01,AMER-East,OPS-FAC,Vendor Services,35349,32814,-2535,-7.17,CBRE Ops,PO100848
2025-06,PHX01,AMER-West,FIN-CAPEX,Maintenance Opex,135114,124501,-10613,-7.85,FacilityPro,PO100849
2025-06,PHX01,AMER-West,OPS-DC,Power Opex,131818,141254,9436,7.16,Vertiv Services,PO100850
2025-06,PHX01,AMER-West,OPS-DC,Capex Replacement,134031,151802,17771,13.26,EcoCool,PO100851
2025-06,PHX01,AMER-West,OPS-FAC,Vendor Services,32768,32033,-735,-2.24,FacilityPro,PO100852
2025-06,SEA01,AMER-West,FIN-CAPEX,Maintenance Opex,122890,127010,4120,3.35,Schneider Services,PO100853
2025-06,SEA01,AMER-West,OPS-FAC,Power Opex,119937,121505,1568,1.31,PowerGrid Mechanical,PO100854
2025-06,SEA01,AMER-West,OPS-DC,Capex Replacement,93521,94751,1230,1.32,EcoCool,PO100855
2025-06,SEA01,AMER-West,ENG-SVC,Vendor Services,26529,27465,936,3.53,DataVolt,PO100856
2025-06,SJC01,AMER-West,ENG-SVC,Maintenance Opex,257880,295477,37597,14.58,Schneider Services,PO100857
2025-06,SJC01,AMER-West,OPS-DC,Power Opex,450184,444675,-5509,-1.22,CBRE Ops,PO100858
2025-06,SJC01,AMER-West,ENG-SVC,Capex Replacement,262521,295549,33028,12.58,ABB Services,PO100859
2025-06,SJC01,AMER-West,OPS-DC,Vendor Services,83066,95159,12093,14.56,DataVolt,PO100860
2025-06,TOR01,AMER-Central,OPS-DC,Maintenance Opex,150940,159075,8135,5.39,Schneider Services,PO100861
2025-06,TOR01,AMER-Central,OPS-DC,Power Opex,153608,155982,2374,1.55,CBRE Ops,PO100862
2025-06,TOR01,AMER-Central,FIN-CAPEX,Capex Replacement,188565,180424,-8141,-4.32,Schneider Services,PO100863
2025-06,TOR01,AMER-Central,OPS-DC,Vendor Services,35958,37869,1911,5.31,CBRE Ops,PO100864
